id,kd_received_avg,td_attempts_received_avg,sub_att_received_avg,sub_def
c96d9178c9ed9e62,0.0,10.19,2.34,57.14
971246648e162f0d,1.6,5.78,1.6,100.0
6ac9bc2953c47345,1.2,8.39,1.6,75.0
b997be68943010fc,0.65,9.43,0.33,0.0
0d7b51c9d2649a6e,0.0,8.9,0.39,100.0
64a50dad704d1d49,0.91,13.47,0.91,57.14
6a1901c62ab3870f,0.52,11.87,1.81,64.29
13a0275fa13c4d26,1.64,13.97,0.62,100.0
396fe87b84ac2e1c,0.7,17.14,0.0,0.0
d1feea7a4bdcd503,0.0,7.44,0.0,0.0
9d62c2d8ee151f08,0.0,3.94,1.13,100.0
30cad5a751adcb48,0.0,24.46,9.78,0.0
e1147d3d2dabe1ce,1.24,13.8,0.31,50.0
d661ce4da776fc20,0.22,31.31,0.0,0.0
8d3273573b85be09,0.0,2.36,2.36,100.0
447f9858ae78f921,0.59,8.62,0.3,0.0
1091d4d957141094,0.73,11.49,2.69,63.64
06734ca9d88dec3a,0.0,15.38,0.0,0.0
d9c6f19f958643e9,1.23,3.68,2.45,50.0
beecb672a279223e,0.59,10.02,0.88,66.67
3753714927f18437,7.12,7.12,0.0,0.0
113df4fde64735c6,0.86,11.76,2.29,50.0
6e8f1bcdda94ff45,0.0,21.99,1.47,0.0
8eb046f83e82bf26,0.0,7.09,0.0,0.0
751de04455cfaac0,0.24,10.69,0.0,0.0
d3df1add9d9a7efb,0.7,17.84,2.1,83.33
583ee11abddfc581,2.22,14.24,0.44,100.0
4a28cb716c19157a,0.9,11.91,0.9,66.67
c15fa95b9a12fde4,0.78,28.08,1.56,0.0
a845f0735bc67405,0.69,5.83,1.37,62.5
71171fc96445bf65,0.61,10.91,0.61,0.0
8667caa0451d245b,1.04,22.45,1.04,0.0
b0d6a1d8ac3d563d,0.2,11.47,0.2,0.0
729d4bd5a6cd0a97,0.0,10.62,0.65,100.0
e99eb0ef25885de5,6.84,13.69,10.27,100.0
849c5d9979df5357,0.0,7.04,0.0,0.0
4461d7e47375a895,0.52,5.76,3.66,100.0
745fa7b605f8e2da,0.0,14.94,1.24,100.0
48a9a128784d53d1,1.16,14.48,0.58,100.0
84b3e7d38f2d2ec5,1.13,11.16,0.82,37.5
d964a59c48381cb6,0.0,10.0,0.0,0.0
351c4ec637380ad5,0.25,6.75,0.0,0.0
7eaa5e31c2dd86aa,3.05,9.15,0.0,0.0
d8c811df0386d5e8,0.9,0.9,0.9,100.0
e375cb5caf4717b6,0.0,8.15,0.54,0.0
c814b4c899793af6,0.75,19.4,0.0,0.0
260e9e0d4954aea6,0.46,2.31,1.39,33.33
d3f89fa685bd8420,0.0,6.94,3.47,100.0
83455a9d17f57dae,0.0,6.0,4.0,100.0
ae81a3ac7b260411,0.0,16.36,3.27,0.0
5444c5a201d3ee5a,1.72,20.61,1.29,100.0
ff62013d2fce6d13,1.87,10.29,0.0,0.0
fa6796c55d6c5440,1.4,5.33,0.56,100.0
07047eb7d17fb0a2,0.0,17.31,1.08,0.0
4a07b1988477502c,0.0,6.0,0.0,0.0
8d11d9c13e2ccdf7,0.0,24.79,0.75,0.0
103e2e33a60683e1,0.0,3.69,0.0,0.0
442c9011034ae1fd,0.32,7.29,0.0,0.0
f00ac08ab056af5d,0.47,13.77,0.95,100.0
3329d692aea4dc28,0.0,5.0,0.0,0.0
6a96ad1bc34fb113,0.0,20.5,1.0,100.0
9560ff14eb3129f7,0.32,9.97,0.32,100.0
b07aed698fba8624,1.36,1.36,0.0,0.0
d4c9dcd330403612,0.89,8.52,0.18,0.0
c6aee362c7a7d482,1.08,12.94,1.72,75.0
595db60957de51d3,0.0,17.01,0.67,100.0
d9a56ecb6e94f02e,0.86,8.62,4.31,100.0
da22387a0407a2dc,0.36,10.13,1.09,100.0
67c1d46f4ed16f9e,1.75,6.71,1.17,50.0
bc7d1ad49fcb2d08,0.0,2.88,0.0,0.0
45f0cc9d18f35137,0.24,12.81,0.71,66.67
2e45d08b3f2f02c8,0.0,3.26,0.0,0.0
0e46690e55a8df75,1.08,4.31,0.0,0.0
b1b0729d27936f2f,1.03,8.56,0.17,100.0
af9efbfd63d39734,0.69,4.82,0.0,0.0
e8b731feff72294b,0.0,16.53,0.45,50.0
132deb59abae64b1,0.19,10.48,1.75,88.89
c2299ec916bc7c56,0.54,9.12,3.22,100.0
d0f3959b4a9747e6,0.45,16.1,0.0,0.0
8e9eb3fc86db0f7d,0.74,16.22,0.74,33.33
dd6103dd7127db1d,0.0,2.34,0.0,0.0
32ab52e5de93092d,1.02,17.8,0.0,0.0
abcf2cc6efc42031,0.0,7.12,0.45,100.0
46e0d677f91bacc0,0.71,12.37,2.12,83.33
cad24459b28592ca,1.44,8.11,0.72,50.0
8fd808923cffff82,0.91,11.87,1.22,50.0
476fe566d2df676e,1.67,7.51,0.0,0.0
b4b496ec2197ee3e,0.0,18.0,0.0,0.0
b67d6bacc68d4c92,0.77,11.56,0.77,100.0
327d5f279895110d,0.27,6.11,0.8,66.67
7478b7f959ba61f5,0.0,8.18,6.55,100.0
f9ab66e67240db7b,0.3,14.86,0.0,0.0
681399317dbf4701,2.33,14.0,1.56,0.0
7b433309b0fd12aa,0.37,9.5,0.37,100.0
a6eb54ae17a551be,0.0,18.26,0.0,0.0
f14f644d41ade29f,0.0,11.18,2.1,33.33
6add18754930182b,0.0,1.5,0.0,0.0
23024fdfc966410a,1.48,6.06,0.15,100.0
7026eca45f65377b,0.44,8.88,1.55,71.43
902ec2cc48c8ae8a,2.29,11.16,1.14,100.0
5eb50529a8418b77,1.96,10.44,1.31,100.0
94426bb170c88115,1.56,7.8,0.0,0.0
71505842fb6455c3,0.89,6.24,2.23,20.0
5078e1dacf9d25f4,0.0,4.07,0.68,100.0
b671bdf981ad527d,2.8,9.81,1.4,0.0
70380ccdc81915b8,0.0,0.0,0.0,0.0
ac7c765882f2c68c,0.92,22.58,3.23,0.0
31ef8b67e13495b3,0.0,15.2,0.7,100.0
d549cefc7c54ab78,1.24,3.71,0.0,0.0
65f09bacd3957381,0.27,15.42,1.89,71.43
cc1a8b4b38b92c6d,0.0,23.92,2.46,100.0
5c84f673b7bb7c15,0.0,24.0,1.0,100.0
6d1bffff14897645,1.37,7.43,0.0,0.0
18968f97ad34f15c,0.56,13.94,3.23,75.86
3143bf892608139a,0.62,8.65,0.31,100.0
d5bab53a1a603aac,6.59,6.59,6.59,100.0
96924b0019b3aff1,0.98,20.48,1.95,50.0
cd2c4d30c6e13b47,0.0,16.31,0.97,100.0
764d39074a352e33,0.82,0.82,0.0,0.0
aa0c573da7119292,0.0,7.66,0.0,0.0
4b93a88f3b1de35b,2.47,13.17,3.29,50.0
e1248941344b3288,0.82,8.22,0.62,100.0
c41d426cc7326d1b,0.0,14.18,2.24,100.0
cbf5e6f231b55443,0.0,16.78,0.73,66.67
82a5152216251682,0.37,13.58,1.3,100.0
d1941565abf50b16,0.27,9.39,1.55,76.47
92a9aa9c93192871,0.75,7.1,2.49,90.0
4e6738062d469256,1.24,9.33,1.87,33.33
3cf18e01cb6cbde3,0.48,19.18,1.92,0.0
147e70aa6cc48cfc,2.33,20.21,0.0,0.0
fba03cd6cc28dc41,0.45,3.41,0.23,0.0
f2b3f4ef3f780168,0.0,12.77,2.25,100.0
0c6d9ea8306c029e,0.93,17.59,1.07,100.0
8173f134396cb971,0.0,10.23,1.7,100.0
b8bbdeff718dbb7d,0.49,3.94,0.99,100.0
f748267c4ab6c127,0.0,11.02,0.65,100.0
6d68c1afe954f121,0.72,10.48,2.17,16.67
d7e40dca3ae125be,0.0,15.85,2.44,16.67
eb8d8c2a95cfccb8,0.0,32.75,0.56,0.0
4e30e4250cb08b61,0.0,12.52,1.84,100.0
fbb60f24af5d5a02,0.0,0.0,0.0,0.0
5d1b7e3dd9e11074,0.0,14.61,0.39,100.0
2c483cf443f38ece,0.33,5.88,0.65,50.0
b7c5eb7cdbac6a63,1.58,4.75,0.0,0.0
be9bdec19b7e9ffe,3.22,2.15,2.15,0.0
b7b84ccd221be298,0.26,11.79,0.26,100.0
1ae8f3c723aacff4,0.55,7.45,0.83,33.33
41cc71cbf210e0fe,1.72,6.88,0.0,0.0
05fa626cb33d15b8,0.0,13.96,1.07,100.0
52ef95b5860fb28c,0.0,27.72,0.0,0.0
814e5233e2acf2ee,0.3,32.18,1.2,100.0
05339613bf8e9808,0.9,12.45,0.54,66.67
056c493bbd76a918,0.24,9.91,0.24,100.0
cd13728ae1151f46,0.69,9.2,1.38,0.0
2f181c0467965b98,0.44,7.72,0.44,100.0
a495f599e787614f,1.02,13.96,0.76,100.0
841695e02c99a521,0.0,20.05,0.0,0.0
1338e2c7480bdf9e,0.39,19.22,0.39,0.0
49d2a08964c5eb11,0.99,8.92,1.98,100.0
5987b2458f4b5290,0.99,10.64,0.0,0.0
0f1efce7d2571d10,0.0,16.88,2.11,100.0
1e4f273069fb9e85,0.0,23.9,1.12,66.67
0fd5f4b838e890cc,0.0,14.56,1.15,100.0
6747ccd6d1acd266,0.0,6.37,0.0,0.0
f14cf73e51b29254,0.54,2.16,0.0,0.0
809bd1a871491508,2.72,8.15,0.91,0.0
a9e260472d321361,0.0,5.4,0.34,100.0
fb37795db81f93f3,0.0,6.41,1.6,100.0
36e78278a77006d4,4.81,2.41,2.41,0.0
4144798612ef96e5,0.0,18.47,3.32,88.89
eb393afdbe3293d5,0.0,9.66,1.76,0.0
f0feeb2192937424,0.23,14.92,0.23,0.0
01641ba5df0c69b0,0.7,11.83,0.0,0.0
1a9480fc288e55d7,0.6,9.63,1.2,25.0
37098a6e6c27fb66,0.58,11.36,0.29,100.0
3a46b268013afede,0.32,17.35,3.05,63.16
41e83a89929d1327,0.0,1.43,0.0,0.0
275aca31f61ba28c,0.51,5.66,1.03,100.0
009341ed974bad72,2.2,13.91,2.2,100.0
86d9dbe1bfcbade7,0.0,13.61,2.87,75.0
6e743a33d56bdaa4,0.0,55.44,2.58,100.0
23dec7c47cb418f8,0.0,17.74,0.99,100.0
ef5dcb10d2bd4b0f,0.81,5.67,1.62,50.0
c03520b5c88ed6b4,0.2,8.3,0.2,0.0
99bd51917728c25d,0.32,1.58,1.58,100.0
cd3d7e37ff2d679c,1.34,22.8,0.67,0.0
5ec591b78349ba7e,0.0,25.95,2.73,87.5
64d47ef881a437a4,1.82,22.75,0.0,0.0
7447e9f28508106a,1.35,2.7,0.45,100.0
9384e71bca6c409d,0.0,0.0,0.0,0.0
5442f1bc4b47eaf3,0.32,18.4,0.63,100.0
64facb6cc564262d,0.48,13.79,2.38,80.0
d945aae53e3e54e6,1.06,10.56,0.79,66.67
84f727cf0166d6f2,0.0,23.94,6.7,57.14
e4faa79383c9f214,0.0,37.5,1.5,100.0
9fe7af8b3fbe00a0,0.6,4.2,1.2,100.0
6e344b71421103da,0.0,30.0,1.5,100.0
d247691a6c0e9034,0.62,17.57,1.55,10.0
ca28cdf526d6b6e9,0.0,1.5,4.5,100.0
dc9572dd6ec74859,0.88,6.39,1.54,85.71
0232cabbc30a2372,1.64,5.48,0.0,0.0
511e82663651438d,0.37,13.24,1.5,33.33
58bbef3770bb2dfc,0.0,7.87,0.0,0.0
4682bc59d5f55145,0.69,18.32,0.69,50.0
971dba22c622af12,0.0,15.0,1.0,100.0
32490e80ddab1e5a,1.05,11.9,0.35,100.0
f29a6350c69f4a33,0.28,8.54,1.38,100.0
2997e7fe3c9d3d4a,1.01,7.07,1.01,0.0
8677e67a75d65b8e,0.0,15.0,0.0,0.0
17cb6d8e8187f304,0.0,42.0,0.0,0.0
8a65fd9ba31fd3f7,0.0,1.84,0.0,0.0
86bace9e4ad85542,0.0,25.52,0.0,0.0
296a120cb880477b,5.77,0.0,0.0,0.0
bb2c3c3a466224af,0.0,6.0,3.0,100.0
0845c81e37d3bcb3,0.55,18.0,1.38,60.0
8c1ca54b5089d199,3.98,8.75,0.0,0.0
d683f4870742b273,0.0,0.0,0.0,0.0
a0f0004aadf10b71,0.23,18.18,0.0,0.0
787bb1f087ccff8a,0.29,4.72,0.59,50.0
01afe0916a40c7c5,0.0,3.48,0.99,100.0
2e19380f34871c6a,1.04,13.84,0.0,0.0
6d4b63c767106d3a,0.73,10.9,0.73,75.0
76e2870ffafbe38f,0.0,12.0,2.67,100.0
c58f51dedb310998,0.0,8.38,2.51,41.67
7f6ed67d3ed3c036,1.38,5.18,4.49,46.15
3a8176e15b9887c1,0.97,7.07,0.24,100.0
c47df9303d318c67,0.63,7.54,3.14,63.33
36541f1e6c5d4955,0.25,9.87,0.49,100.0
07f72a2a7591b409,0.0,6.54,0.16,100.0
07225ba28ae309b6,0.98,8.13,1.63,50.0
35673bf5204524ee,1.07,3.2,0.0,0.0
ffe9703408fb5964,0.41,15.48,2.04,100.0
9c393e836a852f30,0.0,7.62,0.0,0.0
c9cf753cfdf77fc2,0.86,6.18,0.34,50.0
f2477cf43c4975cc,0.93,8.82,0.93,100.0
9e50097a89442158,1.68,5.39,0.0,0.0
f4d92416da98804b,1.41,5.62,0.0,0.0
4798e823ada58fe9,0.0,10.84,2.41,83.33
a3a542074109b347,0.46,12.98,0.46,0.0
8adcbd525fab8d9b,1.42,14.25,0.81,100.0
bd532e9a2b93870c,2.08,7.27,0.0,0.0
d7c3816669784109,0.18,12.03,0.9,60.0
bf7ad5628363eec9,0.0,13.66,1.85,25.0
4aa58269d0664b5b,0.38,13.47,1.92,100.0
669970f7feba8ecd,0.0,9.13,0.0,0.0
89839250eb25c9c1,1.0,10.0,0.0,0.0
792be9a24df82ed6,0.9,12.58,0.54,100.0
6551c64fbcd1a467,0.54,13.56,1.36,80.0
b8a85389d115e35a,0.91,12.34,1.83,50.0
24656ef4d605c96f,0.83,12.87,0.0,0.0
1a2bf44edb8055b6,1.0,5.0,1.0,100.0
c7c39e2fb70248b3,0.0,14.12,1.93,66.67
f1d64ae34e088832,0.96,12.66,1.19,80.0
5c637af9472ae7cc,0.0,18.0,0.0,0.0
54f64b5e283b0ce7,0.51,8.21,0.51,100.0
c0badf3243907e59,0.0,2.85,0.81,0.0
d802174b0c0c1f4e,0.26,6.25,0.26,0.0
36b8f265bcd1b7a4,1.31,0.66,0.66,100.0
8f765fd5775a8873,0.0,6.95,0.58,100.0
093e1f5bb73850be,0.51,11.11,2.53,80.0
a09ed60aa67a3f67,0.0,7.79,1.56,100.0
60a42bf82447c919,0.52,9.94,0.52,100.0
1a31ef98efce7a79,1.73,7.26,0.0,0.0
c742287ed86a09bc,0.0,6.53,0.38,0.0
6e15f63b6c2e2c15,1.12,23.12,2.24,66.67
3f4c3bc822bea45d,2.38,7.14,0.0,0.0
c68c68efaa5ca6ef,0.51,17.95,1.03,50.0
8a1f3b5c526cd6e6,0.78,13.04,0.26,0.0
077e3ace32b72be9,2.22,17.8,2.67,50.0
87c0b1c696ddfb43,0.0,9.81,2.86,71.43
40f3cb27fc7305a1,0.0,14.15,2.5,33.33
e5549c82bfb5582d,0.41,17.32,0.82,100.0
b62d5280966b2460,0.0,10.08,0.0,0.0
e4ba58725825412d,0.0,9.88,1.65,66.67
abb68e3c7ca128f2,0.0,17.0,0.0,0.0
fc169c387b4b465d,0.0,10.59,0.83,100.0
d2cd7a69cc55e7ed,0.0,12.82,1.17,25.0
b9706f80d005036c,0.23,9.36,0.0,0.0
150ff4cc642270b9,0.23,17.41,0.45,25.0
523fa774700d7d3f,0.97,6.65,0.69,100.0
d910665038efc639,0.0,7.79,0.87,75.0
a67f5afa8d6a1b80,1.29,7.73,1.29,25.0
60425d07ef4b91a7,0.4,14.39,0.4,100.0
3920d0cc288f9b0d,0.0,6.23,0.0,0.0
2e5c2aa8e4ab9d82,0.74,9.29,0.0,0.0
2f815ed5f8278ba6,0.0,0.0,0.0,0.0
7acbb0972e75281a,0.0,8.41,0.0,0.0
1e719d4b676dc19a,0.0,7.35,1.7,66.67
a01a62132460a98d,3.76,3.76,0.94,0.0
70e1f8a821b72c8b,1.15,4.59,0.76,0.0
47b63240018d5d86,0.0,13.38,0.42,50.0
f1b2aa7853d1ed6e,0.19,9.31,1.33,100.0
f1ab6f37492c630a,0.0,29.39,0.0,0.0
d8c7c61b176e3994,1.6,7.09,0.69,33.33
eabf206b162b3b83,0.82,3.48,1.23,0.0
b6452706b373eea1,0.86,8.6,0.43,0.0
8e382b585a92affe,1.55,14.44,0.52,100.0
e1d40e8782d80bc2,0.0,15.45,3.36,100.0
dda15dbfafb792df,0.81,3.23,0.0,0.0
881bf86d4cba8578,0.0,13.21,0.0,0.0
5b03b61f9d90125e,1.02,12.2,1.02,100.0
06e4245d16fc5315,0.0,4.69,1.56,66.67
8b1ed83b02303075,0.0,29.23,0.41,100.0
46e2011d92463b7e,0.0,1.09,0.0,0.0
5b86d491d63890c5,0.0,10.57,1.24,50.0
4bdedbdeedff7d1d,0.0,7.74,1.11,0.0
b50a426a33da0012,0.0,14.89,0.27,0.0
e8fe9c15d348e778,0.0,9.12,2.6,0.0
4148802ae4a50768,0.53,10.02,0.0,0.0
def8166ff24bd237,0.62,8.38,0.0,0.0
578ef12674df1e6a,0.23,16.57,0.0,0.0
40cb680ae1cd331f,2.58,6.87,0.86,0.0
f2900678e98f6d6a,2.0,9.01,2.0,100.0
2e7878927067fdca,2.34,9.35,0.0,0.0
97cf1a2c7c5e7889,3.44,9.63,0.69,100.0
fe2babf95de24fb1,0.0,1.43,2.14,100.0
5ef94841c4bc3f86,0.0,7.27,0.81,100.0
a13d755965a4ec9f,0.0,4.39,2.2,33.33
3f11fd1751fa83b1,1.5,3.0,0.0,0.0
0bc697c5936a2d0a,0.0,28.22,1.2,100.0
a57cb948c4c70a47,0.0,0.0,0.0,0.0
5f61780fe5e9b6d0,0.73,8.05,0.37,100.0
641ca2c2ed91b93c,0.0,72.97,12.16,0.0
5cdf5339728f580d,0.75,15.0,1.5,100.0
0cd0456d6029cec2,1.88,37.58,1.88,100.0
7facc9c45d792985,2.31,4.62,0.0,0.0
19c591115a58982c,0.85,21.66,3.4,50.0
e3964ece586e0635,0.0,9.75,0.0,0.0
c4d039123e62f6a9,2.68,18.78,0.0,0.0
c62fbc117d57b943,1.78,7.7,0.89,0.0
853eb0dd5c0e2149,1.1,15.38,3.02,72.73
72db2a14ffa73ece,1.75,3.84,0.0,0.0
e64b96c07d7ce999,1.61,8.66,1.81,55.56
a9da3158dd2c2b5a,0.0,24.05,3.7,50.0
6751eacd16bd59bc,0.43,13.69,4.28,100.0
6c3b2525436cf5d4,2.02,6.05,1.01,100.0
04835018f90b118c,0.0,10.84,0.54,0.0
2bd98ab77a8daa75,0.0,0.0,5.66,0.0
f1fac969a1d70b08,0.19,23.5,0.57,66.67
040a74bb0a465c54,0.0,19.6,1.15,100.0
399afbabc02376b5,0.0,2.25,0.0,0.0
329e403448756217,0.61,13.02,0.3,100.0
887961364be5ceb3,0.8,9.42,0.66,60.0
a93f94c923c3a9cb,0.0,11.62,0.0,0.0
51018a31ddf31eb2,0.0,8.81,2.07,25.0
75353550928a7921,0.0,2.14,2.68,100.0
8b6e5dc2ba1edbe7,0.0,1.61,0.0,0.0
6b56e94a59b7b134,0.96,19.15,0.96,100.0
0d5cc0170c1a7e71,0.0,2.57,0.0,0.0
9c442aaf149ea982,1.12,7.86,0.0,0.0
7c7332319c14094c,0.15,13.38,0.0,0.0
22a92d7f62195791,0.93,9.17,1.24,62.5
e90a2f22417af68e,0.0,6.55,0.0,0.0
6c9b66b43663f2f7,0.0,4.99,0.0,0.0
7772b283d288dbe2,2.58,23.19,0.0,0.0
29af297d9f1de0f8,0.86,8.33,1.44,40.0
4c88a1db5a46c6a4,0.86,14.16,1.29,66.67
148bb103cfbf123e,5.5,0.0,0.0,0.0
25f9a5f3e8a52618,0.0,19.19,0.0,0.0
52c2ae6d2f2d2613,0.0,10.28,2.57,100.0
eae431e70064e046,0.79,21.74,1.58,50.0
1b35af4d1529adf6,0.0,27.0,1.5,100.0
519e4fe37ce9ff75,0.57,12.19,1.33,28.57
17e97649403ba428,0.39,20.45,0.39,100.0
ca43de99b07b6b40,0.64,14.65,3.18,80.0
cc8c623cca88f54f,0.0,14.01,0.65,100.0
c1085e1701b13eca,0.0,2.18,0.73,100.0
eb04b9d31e938edb,0.24,8.77,2.13,77.78
3738e68d2261e60f,1.03,7.45,0.62,50.0
8c0580d4fff106c1,1.16,12.37,1.6,45.45
2f43a3e82661fa99,0.0,3.0,0.0,0.0
c21f26bbde777573,2.57,6.61,0.0,0.0
a7897d200692ab64,0.23,9.44,0.69,100.0
ab2b4ff41d6ebe0f,0.0,10.78,0.74,0.0
7af33fc4435017f1,2.77,6.47,1.85,100.0
876f478f796495f7,1.12,6.69,0.0,0.0
3a314d9fa7c6825d,0.52,13.28,1.04,25.0
20bccc9bb4ceb23e,0.57,24.4,2.27,75.0
09e62c450e754913,0.74,2.23,4.46,100.0
57186c150c645200,1.99,17.92,7.96,25.0
d8da10db80131bec,1.11,8.88,2.22,80.0
0d8011111be000b2,0.43,9.06,0.0,0.0
d0e1b42d41dab603,2.81,13.49,0.56,100.0
0be6776db31d98ec,0.0,1.5,0.0,0.0
feedf3053472fe56,1.89,3.79,0.0,0.0
82d4c957649faf9b,1.31,5.87,0.0,0.0
de594b35c45c2e9a,0.0,8.7,2.61,100.0
5fa2974cbd18e05c,1.26,7.12,0.0,0.0
02bb48869eb7ac8f,0.0,10.0,0.0,0.0
4d8fa64202cee4c1,0.71,17.1,1.42,75.0
3df5493bb279226f,0.32,8.7,1.61,0.0
9e8f6c728eb01124,0.95,7.0,0.95,0.0
cdb96af67d096b1e,0.6,6.91,0.0,0.0
480779d7f9a424d3,0.0,10.43,0.0,0.0
99df7d0a2a08a8a8,0.18,10.8,0.73,50.0
312f7d7b2b2f7de4,0.0,0.0,0.0,0.0
fd55393021a8c255,0.92,4.36,0.46,100.0
6d38e41efa47a72d,1.72,15.52,1.72,0.0
a2d342ffc83913ed,2.06,24.77,2.06,100.0
e13abac8089a801a,1.22,9.16,1.22,100.0
1ebe20ebbfa15e29,0.68,9.16,1.02,100.0
ed7d329d7c29428d,0.0,6.0,0.0,0.0
f782f953bfe7b5f2,0.0,0.0,0.0,0.0
17734443a833cdf7,0.0,16.93,0.0,0.0
fc08099550072fe4,0.0,7.14,0.0,0.0
b9437600497350f3,1.09,12.85,0.55,100.0
f53d4f21d1b5f2dc,0.8,20.23,0.0,0.0
7aa3d6964eff4877,0.6,15.62,1.67,35.71
d25240135aee03e5,0.35,4.86,0.0,0.0
6fd953151d981979,0.0,7.95,0.4,50.0
2558ae2e5671e318,0.0,13.0,3.59,75.0
fa07345cc9db5cc9,0.0,4.97,2.48,50.0
3e708ce33b6b18e6,2.39,4.77,0.0,0.0
4f3064faf17aa711,0.0,15.83,3.39,33.33
1897b7b913736a7c,0.0,4.41,0.37,100.0
ae7fe94f117f98cf,1.25,21.68,0.0,0.0
27b388f0aab49780,0.0,7.03,1.56,100.0
3fa97913cfd205d3,3.05,27.41,1.52,100.0
4b47e71384a9522f,0.69,14.45,1.1,25.0
94527830000ab715,1.11,5.38,0.93,100.0
b6203e0492a9336c,0.0,9.0,0.0,0.0
436f970c9ea9169c,1.11,14.43,1.11,75.0
93b2b7caa457cbea,1.03,4.12,1.03,0.0
38c5817ade8a8014,0.0,16.38,0.0,0.0
634e2fb70bde3fd5,0.24,9.16,1.21,40.0
aa72b0f831d0bfe5,0.19,11.61,0.56,33.33
d35f734c56a89103,0.0,0.75,0.0,0.0
aa171d55d4b5208f,1.2,17.54,1.59,50.0
d2f43cfaf8ca3560,1.04,4.17,0.0,0.0
a7151778b3381036,0.46,16.38,3.19,71.43
082eba4cd80f736f,0.8,7.16,0.8,0.0
da7f113b5ea39c43,0.0,3.52,1.17,100.0
6ad8e4296f7522d9,0.0,10.47,10.47,100.0
60193e707634e560,0.0,4.5,1.5,100.0
91dac5e69e28d5b5,0.88,9.4,1.76,50.0
50db8711c70196cd,1.03,13.01,1.54,44.44
f626118b6da0e020,0.54,15.25,0.54,100.0
a29db9cd4f9ccea5,0.9,14.36,0.9,0.0
65adf3856c4d9256,0.86,12.06,2.58,33.33
68d35296f566792b,0.54,6.51,0.0,0.0
2cd428e9606856fd,0.32,15.04,0.32,0.0
68b8ebdfce9dbb61,0.0,23.86,2.17,0.0
2b6fc1c02736833d,0.48,15.68,0.0,0.0
18d01f7f8338ae72,0.0,22.1,0.0,0.0
597499ac7a5aac62,18.37,91.84,0.0,0.0
7debc13b36343605,1.94,25.22,5.82,0.0
c051c2e12d692b8a,0.0,25.19,2.61,33.33
d747eb273a40a920,1.51,5.03,1.01,100.0
dc7927cd622676a7,1.05,11.52,0.52,100.0
21b813b919776d90,0.0,27.17,3.4,0.0
ab943cd2c3c17825,0.31,5.64,1.57,0.0
029eaff01e6bb8f0,0.58,13.37,4.36,66.67
e872e9a9a902c045,0.19,9.63,0.19,100.0
6bd02119599741a4,0.0,9.27,0.0,0.0
140567899d98978a,0.0,17.48,1.46,100.0
12f91bfa8f1f723b,0.39,6.62,1.56,25.0
0a1942069c9ad6b6,0.91,5.95,2.97,92.31
b27a1fcb56a3035a,1.23,13.25,4.01,76.92
f96856f9d69fd7e4,3.0,12.0,0.0,0.0
cc7040fe76f0ef91,0.87,7.42,1.96,55.56
9e92e1ca498d7244,0.87,15.7,5.23,100.0
850266b3dc4e506e,0.0,11.64,0.58,100.0
56f7d7ee06be4aab,2.11,2.11,0.0,0.0
547afe1017e72dbe,1.97,5.43,0.49,100.0
7b3503352cd53abb,1.68,5.05,0.0,0.0
37f560436d745c18,2.13,12.07,0.71,100.0
c0ac37a4a1133da9,0.0,8.4,0.0,0.0
b12fb759e02378de,4.09,1.36,1.36,0.0
7f1bf0c255ec8756,0.0,14.0,4.0,100.0
7ab478c397cd68ef,0.0,6.98,0.0,0.0
d008d785f6347dc2,0.0,39.17,0.0,0.0
528b071cf3da7c56,0.39,16.49,2.36,83.33
267f4a6568abe245,0.0,15.0,0.0,0.0
efb96bf3e9ada36f,0.0,14.96,0.0,0.0
285ae0b4a68221f4,0.0,16.16,0.27,0.0
c32aeb1a59e6272d,0.0,15.92,0.64,100.0
3cf66c62d9069f43,0.0,8.33,2.08,57.14
cfc3e7bb44685289,0.0,1.36,0.0,0.0
38c7f72747f4f712,0.0,3.33,0.78,75.0
dee294e9717012c2,1.62,12.14,4.86,0.0
d31a5546c0e9b213,1.79,13.13,0.6,100.0
f998f5c102250d6e,0.0,10.76,1.96,0.0
4126a78111c0855a,0.0,5.71,0.0,0.0
ec13c393d029297d,0.0,13.22,0.0,0.0
dccb63727f2f5f74,2.96,10.14,2.11,100.0
f166e93d04a8c274,0.0,14.62,0.0,0.0
bbab3baf66128ae2,0.62,19.2,0.0,0.0
46d0a888d87d91ac,1.0,7.03,1.0,100.0
d80ee110748171ac,1.4,34.88,0.0,0.0
8e1f36476ef02a6a,0.0,10.34,0.25,100.0
2c5f5749569eef66,0.0,12.57,1.05,0.0
b4c6c904a9ffc5e8,0.0,6.55,1.36,100.0
d4270315cbcf2569,0.6,2.98,0.0,0.0
43a59ce3bb40449e,1.0,20.0,0.0,0.0
6e9f40c706f91f32,0.57,22.64,2.26,75.0
262a7d06203657e6,0.48,9.8,0.96,75.0
7d420039bbfe7c1a,1.39,16.7,1.39,100.0
80d8aed0ca9b00f3,0.0,5.56,0.88,66.67
49e96ff8ab781589,0.77,9.23,0.38,0.0
9014c02eff8b3d62,0.49,3.45,0.0,0.0
af9f42e6894047fc,2.32,5.41,0.39,100.0
4cd8b03aee1d0138,0.56,13.93,0.56,0.0
9edf2c9082cc2cd8,0.0,19.48,1.03,0.0
9d83f6da776ff7d6,0.4,16.56,1.62,25.0
dc07493a87dc0a6e,3.02,0.0,1.51,100.0
68d4a891e5cf2029,0.86,12.0,0.43,100.0
8e5d953bdb9ae5e7,0.0,9.72,0.66,100.0
e93b04e308913c2e,1.57,10.99,0.0,0.0
7be14eaed4c74856,0.77,10.23,2.05,25.0
8c169fbe1ac33637,3.35,15.65,4.47,100.0
a68575214ecad140,2.44,15.34,1.39,25.0
ec0dcceace7d25a3,1.64,6.57,1.64,0.0
34ff304266360297,0.4,9.69,0.4,100.0
1497e735d9f2560a,0.6,5.39,0.0,0.0
cb696ebfb6598724,0.88,8.23,0.18,100.0
862b0b3375aa4b6e,0.0,4.27,0.85,0.0
d1c65d2cf2925ddd,1.3,4.35,0.0,0.0
749f572d1d3161fb,0.53,8.93,0.26,0.0
009c4420727149ea,0.77,15.35,0.0,0.0
9673a497a9da119a,0.43,8.65,1.73,25.0
5d495dec23d7c68e,0.0,2.14,0.0,0.0
0b362247806341e5,11.86,9.22,1.32,100.0
b5da8f7d05e85a55,1.15,13.86,1.73,66.67
3253b16d38ae087d,1.11,8.08,1.67,33.33
bc711b6dd95c1af6,0.64,11.9,0.64,0.0
294aa73dbf37d281,2.75,8.26,2.75,100.0
e2f6b2769aaedd6c,0.59,3.27,0.3,100.0
e4277e87a789d687,1.53,10.17,0.51,0.0
e2be0c1a9b886d92,0.0,23.0,1.0,100.0
d66a46de8d705353,1.62,4.05,1.62,50.0
04c8b08b16a5b99e,0.0,7.15,0.38,100.0
e4a47b07044ddd72,0.0,11.05,0.0,0.0
6b453bc35a823c3f,0.0,22.61,0.5,100.0
ee18ff42063174df,3.28,5.46,0.0,0.0
d3f5d33d61cd00c9,0.62,7.73,0.0,0.0
7832f2f62f04178f,0.84,12.62,4.21,60.0
6b7c7460855dbbb9,3.04,2.28,2.28,0.0
305d73ede05e31ad,0.0,27.91,3.1,80.0
6e00cfffd54653c4,0.59,9.42,0.59,0.0
f8f1ec513bcfef43,0.0,2.0,0.0,0.0
fc6e681bf6658faf,0.37,11.08,1.11,33.33
f2925e6db404bf1d,0.36,19.42,1.08,66.67
3c8a5200436e19f3,1.52,13.69,2.28,100.0
51c655162e462ceb,11.43,2.86,0.0,0.0
c7d7fda69ec410d3,0.0,14.29,1.02,0.0
a6cba6bb66c1a8c9,2.3,11.48,3.16,63.64
32c355b04fc57f3a,0.24,7.97,0.72,0.0
ea7e5bc78d9de658,0.0,11.19,1.86,66.67
fd406a32a6fb3a29,0.0,8.74,0.62,0.0
ee9ebceabfd16fa7,0.62,8.32,2.5,50.0
135d124172a0bea3,0.43,15.86,0.86,100.0
791c8437b341fba5,0.0,8.54,1.6,100.0
e00a3dee329a51f7,0.48,6.66,1.43,33.33
55fa6ce3e522c8bb,0.97,3.86,0.0,0.0
a817e238b2747404,1.7,8.52,0.0,0.0
f5779a2303ed76ec,0.0,0.0,0.0,0.0
f7be1db194e03d7e,3.0,4.5,0.0,0.0
eae48ff31db420c2,0.0,13.77,1.38,100.0
9d19d9e4aa2662e8,1.17,13.12,0.94,100.0
369ea36e450ae62a,0.44,10.55,1.76,50.0
798e48f9e7f6ba22,1.13,14.1,1.69,33.33
59c438c81fbf3ece,2.33,6.98,0.0,0.0
029e1293e609fd74,0.0,7.57,1.68,0.0
53c943c873cffe90,0.64,3.19,0.0,0.0
80fa8218c99f9c58,0.0,8.08,1.52,83.33
31f8081c7600da93,0.44,6.55,0.87,50.0
9ada30894bf04e19,1.1,10.99,1.65,100.0
5e6294b37bbef029,0.0,8.58,2.45,50.0
78f485f851891d68,1.63,13.07,0.82,0.0
3c26c420584d912d,0.0,2.18,2.18,0.0
31123249b0bbf52e,1.31,19.49,3.11,47.37
a20f234df70f2182,0.0,6.4,0.96,100.0
6c8072b61c276e67,0.0,9.44,1.57,25.0
242d36d241b43c12,0.0,2.35,0.0,0.0
eaa9402e5a7990ad,0.0,6.92,0.0,0.0
8d20d76af3f213ce,1.2,10.81,2.4,0.0
814ff3018127e8fc,1.0,16.41,1.0,100.0
02f8fedc18cbd26c,0.0,10.2,0.0,0.0
33efaf2d0941cfcf,2.83,8.5,0.0,0.0
2c010b26a3306969,2.45,3.67,1.22,100.0
e9a3aeb207578eea,0.76,1.78,0.0,0.0
262d32ebda89efc4,0.0,13.26,1.02,100.0
8abac218746e04ca,1.56,17.95,2.34,33.33
361d49960a196976,1.29,17.08,0.32,100.0
b93c06d09d1c4ac0,0.41,10.27,0.82,100.0
9abc648e76c4493a,0.0,18.96,3.28,100.0
7138a15258dabf20,0.66,10.57,0.0,0.0
4ba8d454f762005d,0.0,7.08,0.73,66.67
f9b200db02b488d9,0.53,13.81,1.33,20.0
34c2b3656f88f7ef,0.0,21.45,1.72,50.0
98215d037be5bcb7,0.0,4.37,0.49,100.0
0a73acff6325c1e2,0.81,5.66,5.66,71.43
279566840aa55bf2,0.45,19.96,0.68,66.67
2f13e4020cea5b38,0.98,7.42,1.37,71.43
c878270af633eb11,2.97,11.88,0.99,0.0
a53d30163304aa6e,2.12,6.36,1.41,100.0
5da33b8fbfa5ee95,0.46,9.28,0.0,0.0
2eeaefbfc7f9fcff,0.0,11.45,0.9,66.67
725b1abc9a39d873,0.0,8.36,0.93,0.0
08af939f41b5a57b,1.17,8.35,1.84,81.82
b96619b3acd7d9da,0.28,12.83,2.23,50.0
45f7cb591c3ab00b,0.0,6.74,0.0,0.0
69898645d600abdb,2.1,9.46,0.0,0.0
4dcfb28c011c11b2,0.41,8.59,1.64,75.0
7cbf7c78d3b34218,0.59,11.46,1.47,100.0
b1a3e0aca758b322,1.28,4.07,0.21,100.0
c0386644627a7ee5,3.0,8.25,0.0,0.0
886264a0c9f4ea5e,0.39,3.47,1.16,33.33
323d4ca260dfa0ba,0.59,29.28,0.59,100.0
441eacbe20e0e80b,1.01,8.11,0.51,100.0
b08012bbe542592a,0.0,2.47,1.98,100.0
a2ccf35a88346a91,6.0,8.0,2.0,0.0
74f9448b97bf8bec,0.88,12.74,0.44,0.0
af65aa688d13eedf,0.37,2.6,0.0,0.0
ac026518a9b4dc0f,0.0,6.73,5.39,37.5
029afd138865d20a,1.13,9.02,0.0,0.0
21b5c82c1b89dab1,1.78,14.26,0.0,0.0
adccbc19b22e19af,0.0,14.14,14.14,0.0
6d35bf94f7d30241,0.0,3.4,0.0,0.0
4959f10a62f3fec3,0.0,12.19,1.88,100.0
e132d47bd9efbbe0,0.0,11.2,0.0,0.0
2f6a993c7f547c13,2.04,12.93,2.04,0.0
aceffa19749c4dc0,0.0,2.81,0.7,100.0
7826923b47f8d72a,0.0,13.1,0.0,0.0
9ce6d5a03af801b7,0.93,16.47,1.86,16.67
d31cbcdd7d69536d,1.43,11.96,3.35,14.29
7ff97850e8c32bda,1.0,13.58,1.0,80.0
6fc506e1099afe20,0.0,6.74,0.0,0.0
d317a5e2b3f88c5f,0.55,7.46,0.55,50.0
140745cbbcb023ac,1.06,11.49,1.77,50.0
01b352b6a9074d5c,0.81,8.4,0.54,0.0
72ea1984c52019b5,2.51,21.37,0.0,0.0
2f5cbecbbe18bac4,1.15,8.45,0.38,100.0
972c456ff38b2015,4.75,14.25,0.0,0.0
253076a23d03dcd0,0.0,9.85,2.46,100.0
a331233f597090a5,0.91,22.52,2.18,58.33
2804ce8dadab5770,5.96,23.84,3.97,0.0
193b9d1858bc4df3,0.38,17.29,2.63,85.71
f2688492b9a525a3,1.13,7.26,1.59,100.0
37ed1ab2f8b819f4,0.0,23.28,2.27,50.0
5bf31a46becc1204,1.59,17.54,0.53,0.0
1291edf2d566a71a,1.62,10.52,0.0,0.0
34e516ab361afb1c,0.86,7.75,9.47,81.82
1a54231796e24a3f,0.0,18.0,1.5,100.0
760a55d5b6098cbe,1.96,9.8,7.84,75.0
12585614e0ed2626,0.0,12.91,1.84,50.0
67f272324a030d00,1.91,6.2,1.43,33.33
0641c21bec209472,4.03,12.09,1.34,0.0
cffb87059e645bd1,0.0,26.77,0.0,0.0
601964f9654f911a,0.54,10.83,5.42,70.0
767755fd74662dbf,0.0,3.66,0.52,100.0
a08ddd04eaffd81d,0.0,15.59,7.27,0.0
8355922d564b152c,1.2,13.09,1.34,100.0
2c9d00968f818270,0.33,16.41,1.0,66.67
0112352cb32f5026,0.68,17.02,1.36,0.0
92fa1401b7927da3,0.28,9.53,0.28,100.0
326a001926ffb7ec,0.0,2.0,0.0,0.0
77d7295d1b22c694,1.18,9.45,1.57,75.0
c21a036b4e012f1c,0.68,8.72,0.17,0.0
b9f28e7045fdfce7,0.52,9.17,0.0,0.0
fb3e61720be4690c,0.0,11.06,0.5,0.0
b4537562f88ac582,0.0,29.08,0.69,100.0
d05412b513b19621,1.38,14.25,2.76,16.67
a78a87d8c2bbb1cb,0.0,4.58,0.42,0.0
4e06913c91da5200,0.4,16.81,1.0,60.0
12ebd7d157e91701,1.6,18.83,0.8,0.0
b1e5bcaad32a3cac,1.05,15.11,4.22,41.67
5f3805dda9661cba,4.76,1.19,0.0,0.0
98d961097baaf308,1.85,26.3,0.37,100.0
8be158ca1e5ea6a0,2.05,11.87,0.41,100.0
fdbefee0827e1567,0.0,10.15,2.14,100.0
31bb0772f21cabd8,1.89,0.0,3.79,50.0
9c65736747ca92ec,0.34,15.59,0.34,0.0
8c57c7b8c3bab0eb,0.64,5.09,0.0,0.0
87a1dc546b1c5caf,1.84,4.3,2.77,88.89
f6ad6a1e4d600e0d,0.67,10.12,0.0,0.0
297a2b35444c245b,2.52,10.07,1.26,100.0
dea070ed4a2a8281,0.61,11.78,1.42,42.86
6f7c616b98e18c29,0.0,3.89,0.86,100.0
4333a8e70a672eb7,0.0,15.08,1.68,100.0
d156513a19acf856,1.15,11.04,0.49,33.33
3351aa64aa83c4d9,0.0,3.97,4.63,42.86
2b68d9f125d07b42,0.48,4.83,0.48,0.0
6a2f7c151031653d,0.31,17.37,0.21,100.0
e7e01e266a9d4342,2.0,19.04,4.01,100.0
d7338bcb141abd2c,0.0,13.93,2.95,57.14
f72465a784c1b084,0.42,8.76,1.67,100.0
65578a75fa7900e3,0.68,13.38,0.68,100.0
82b4e942781b1046,0.93,21.8,0.0,0.0
3eb4dc9a7d4ac906,3.44,4.58,0.0,0.0
fc9a9559a05f2704,1.23,11.07,0.0,0.0
37d752ec41ed84bb,0.75,15.0,0.0,0.0
a0e6753c42698f13,1.42,15.19,0.47,0.0
764342d39cdaa54a,2.18,14.19,1.09,50.0
7dda2cf308f24a02,0.0,7.22,0.63,100.0
b6850671a008bf9a,0.0,7.35,2.2,33.33
008ea710276c9606,0.0,26.47,0.0,0.0
f6bcbd91b114ff58,1.26,6.96,0.0,0.0
62f7097c04311193,1.96,35.22,7.83,50.0
9cdd2da1a9104a0b,0.35,7.38,1.76,80.0
a8283a4f415e1eb9,0.67,9.76,0.8,66.67
102a8fdf8cbf7467,0.0,8.86,0.98,0.0
1788eee370f077b7,0.0,4.88,0.0,0.0
c0d5c0c95c59050b,1.03,14.37,3.08,100.0
016a8d958883167c,0.59,3.51,0.59,0.0
6a740daf1b279661,0.32,7.69,0.32,100.0
6370c1c1e12723d5,1.42,11.33,1.77,0.0
a6f3d15cb84334bb,0.0,3.88,0.0,0.0
49ee5024966efc0d,1.12,7.84,1.12,0.0
efc67b07eed39794,1.7,17.88,0.85,0.0
7a5e8c94a86f9895,2.31,3.47,3.47,33.33
d4691518d012b9e7,0.69,5.5,0.0,0.0
98c23cb6da5b3352,1.35,6.47,0.27,100.0
c77a953488e5607d,0.0,10.37,1.64,66.67
207773daeb4afa7b,1.47,4.42,0.0,0.0
b4192a975027aab6,0.55,5.73,0.82,66.67
7be74a12d7352df2,0.62,1.23,2.46,37.5
b1d19449397541dc,0.6,9.0,0.0,0.0
12e0fdc606f7e274,0.75,6.75,2.25,100.0
80daefbed11ce998,1.39,8.63,1.67,83.33
3d074044a33825e7,0.66,12.49,0.66,100.0
56fcb2c4d99f9d1b,0.0,1.92,0.96,0.0
fea79f9bc8c68769,1.66,5.39,0.41,100.0
ce632027bf2a871b,1.5,6.74,1.5,50.0
ec23c1be628d8057,1.34,10.04,2.68,0.0
70d2329a92864fdb,0.55,12.18,1.11,0.0
6aae253467e8f9ce,1.36,11.6,1.36,100.0
9c27f3217891f3f0,3.23,0.0,0.0,0.0
ac40f7e3cbecdda4,2.09,1.57,0.52,0.0
d6c0cdd7e467c440,2.17,7.05,0.54,100.0
4bd6b4800070b069,0.81,9.27,3.22,100.0
4c2d90e335e6df19,0.0,5.39,0.98,75.0
8d03ce87ca14e778,0.0,17.62,1.36,100.0
4100c7a09497ad41,0.0,6.88,0.0,0.0
b4880ef2f838d4e1,0.0,11.52,3.46,0.0
4498b382c65a7faa,0.51,7.69,1.03,100.0
3033c1c080672475,1.71,1.71,0.0,0.0
830f60497fab345a,1.55,15.46,2.32,33.33
4234f0097c83fa62,0.34,7.07,1.01,100.0
c549573c0df4d676,0.0,6.33,3.16,0.0
d2bc285ead803db0,1.51,14.8,5.02,75.0
325ad0dd9126d3df,1.29,2.58,2.58,0.0
8866c6f509c19089,0.0,0.54,0.0,0.0
39d91e95949de3d9,0.0,6.24,0.57,100.0
bd58d34e39b7b12a,0.27,7.28,1.08,75.0
5f179af5fffeb9f6,0.21,10.23,0.43,50.0
59279a7c978f7da0,1.08,14.61,1.35,60.0
fcd448a2fe1a23cc,1.72,10.05,0.74,66.67
a52bc1e62cf0b7c6,0.83,11.59,0.83,0.0
f1175ea3aafbf351,1.22,14.61,8.53,0.0
0d980975001ae3d8,1.76,3.52,0.0,0.0
78e501478a36a018,2.45,8.58,3.68,100.0
dab8cfbb6b1db10a,1.2,3.0,0.0,0.0
07797f10b9569cfc,0.0,12.0,0.0,0.0
fccf811c1e8b01c7,0.38,3.41,0.0,0.0
3b0a516d2921e0d6,0.66,10.53,0.0,0.0
40093d1d2d78394e,0.76,12.61,4.54,100.0
57b10fca4f9c9a7a,0.8,9.35,1.39,14.29
673ea7dcc786b1b3,0.64,6.7,0.64,50.0
18b602842a24f7c5,0.52,16.1,3.12,50.0
257b0c8d6f199895,2.97,4.45,0.0,0.0
93b62c5f2ba18e51,2.28,21.65,2.28,100.0
b3d21b2610dcfaeb,0.0,9.06,4.53,0.0
f57a8a52ca401ed9,0.0,21.45,1.1,100.0
37c5366d18ed6c05,0.76,8.03,1.53,50.0
b60c980f79b87ce8,1.26,17.67,0.0,0.0
a6c20202c701e5ca,2.6,44.22,5.2,0.0
9dedfdd91070ddd8,1.65,5.79,0.83,100.0
f9f07bb5a43535ed,0.98,17.11,2.56,76.92
16690d100f995f8f,0.69,10.13,2.3,90.0
c7d297714d9ab1a4,0.27,12.45,0.27,100.0
c9a94278df042f46,0.0,21.56,0.0,0.0
cdadae5363b66eef,0.0,19.85,0.95,0.0
813550bc53b15fb0,2.0,10.84,0.57,50.0
c451d67c09c55418,2.9,20.27,0.48,100.0
e0b0cf71e0d69dd0,0.0,1.0,1.0,100.0
c2a670b22d2e196f,0.0,7.5,0.75,100.0
427b5953ac8e3a27,0.58,4.51,0.69,100.0
a2ea77e974c5889f,0.0,6.6,0.0,0.0
866fd7b1a6c90e7f,1.7,5.96,1.28,100.0
cd7763bcadb5d4c8,1.13,6.05,1.13,100.0
03f982ca3735070c,0.61,6.14,0.31,0.0
4a57ebb14315b251,0.0,9.83,2.41,57.14
eee0ef3e2b14816b,0.0,13.1,1.54,100.0
96428b9e9bd048ea,1.31,14.37,3.27,20.0
5c126c6aac3ef364,0.0,12.89,0.99,0.0
79325a3c1a5c3bf4,0.98,9.8,0.0,0.0
7a703c565ccaa18f,0.72,3.84,0.48,50.0
cf946e03ba2e7666,1.59,11.11,0.0,0.0
de45aaae23dfa392,0.58,6.72,1.75,16.67
37d5b176d438d2a5,0.8,10.73,3.18,37.5
ec18eb918121787c,0.0,8.4,1.68,50.0
1d00756835ca67c9,0.95,7.4,0.42,75.0
068f8a189a47fea6,1.63,5.97,1.63,0.0
ae071698e1a3ccd4,0.0,13.31,7.99,0.0
2844b047183a1adb,0.0,15.16,1.84,75.0
d28dee5c705991df,1.37,4.57,0.46,100.0
e17ac6410c8377f4,0.72,3.62,7.23,60.0
effd9de9937996f8,0.0,16.0,0.75,66.67
c730a0be691dc081,0.0,10.98,1.1,100.0
d343df8ba11f4c4e,0.0,19.68,0.35,0.0
f2b6fdb20675b11c,0.97,6.78,0.48,50.0
1eff7bc0f815b270,0.99,0.99,0.0,0.0
df1eb4354d18a906,0.52,24.06,1.05,100.0
2af2f2e26c4c0402,0.8,27.32,2.41,100.0
ed2a8cc402173781,0.0,31.44,0.0,0.0
5dd180c8b3196786,0.94,8.44,1.88,100.0
122ac9b816d8b71c,0.8,11.13,0.8,100.0
10f3ba6cd2f44a97,2.43,12.83,0.0,0.0
07a2bdaa0afdd831,0.54,14.54,1.62,100.0
80eacd4da0617c57,0.83,13.97,0.83,20.0
5f6f049d54728e88,0.73,12.0,1.82,80.0
6fb1ba67bef41b37,0.72,11.83,2.16,86.67
b4ad3a06ee4d660c,2.08,4.4,0.23,100.0
45e738622ea2c02c,4.42,7.95,0.0,0.0
f9d0cae37dabfafc,5.92,1.48,0.0,0.0
cbb682f5fcc44bfc,0.39,19.91,0.2,0.0
483a953b18d73bb3,1.39,3.47,0.69,0.0
be68b375707dcb85,0.0,9.2,2.63,100.0
ea3dcc417c322064,1.74,17.42,3.48,75.0
3bb2dc8e87b10a46,0.68,9.57,0.68,100.0
637bd06c32219f0b,1.81,5.42,9.04,0.0
63def5a5662a6917,1.46,18.33,0.21,100.0
539ed332b3078821,0.8,7.17,0.4,100.0
da816417a579a0bd,2.05,8.86,3.41,40.0
e5010b1b94ca5755,0.23,16.75,0.45,100.0
9cfbfae5fa1fdd93,0.0,27.0,0.0,0.0
eb29176b03dfa888,0.68,9.35,2.51,100.0
cf65d56b0755ed3b,0.96,5.43,0.64,50.0
afe8d5b39ff7fca2,0.0,11.56,0.0,0.0
feaf00f3373435d6,0.65,28.65,2.6,25.0
f9a20a17d712ef7c,0.0,12.68,6.34,0.0
ec34349e7dffcde7,0.52,4.39,0.0,0.0
2b074403b7c6cdb4,3.43,12.45,0.0,0.0
032cc3922d871c7f,0.0,4.16,0.64,100.0
af997f7611673880,2.87,0.96,0.96,0.0
ebc1f40e00e0c481,1.93,10.06,0.77,100.0
eebc23626e38f5dc,0.0,1.98,0.99,100.0
2ac4628c08ec5125,0.52,11.4,0.0,0.0
1588b787bda7b540,0.0,8.15,0.96,50.0
d0aaedcf7ccd0b45,3.88,1.94,0.0,0.0
e87a13e02c01331d,0.0,7.5,6.0,100.0
56709e66f1c6008f,2.0,11.0,2.0,100.0
215a70f073a7b726,0.0,7.52,1.25,0.0
cbd3e590a85b18c5,0.82,5.31,4.08,30.0
1d239d571e342453,0.0,23.04,0.78,100.0
e26bd53b751d61d9,1.16,11.6,6.96,66.67
3f7dab21b6c971bc,1.08,16.13,0.0,0.0
2f1a257d6777096d,2.51,2.51,0.0,0.0
e7bba7ce4d6c7b07,0.0,21.29,0.0,0.0
ccf5dc41417e9daf,0.0,7.07,0.0,0.0
82e7929bf6c2b689,1.2,7.66,1.09,100.0
c3218c810959d279,0.92,19.4,0.92,0.0
4f140403000158b5,4.51,4.51,0.0,0.0
99506df1af6c8b3b,0.0,18.86,0.21,100.0
40d8b74488743800,1.5,25.5,1.5,100.0
06a80a685ea98573,1.0,10.0,1.0,100.0
3974fa35c917af1d,0.86,6.63,1.5,100.0
06f36cf4bd97ec77,1.38,10.72,3.29,73.68
19b7738321cfae42,1.35,5.4,10.79,0.0
7c9f96f9a6a5cd50,2.54,7.63,5.08,0.0
9ba2226646046b63,1.91,22.92,0.38,100.0
654ae722109a0d31,1.08,13.55,0.54,0.0
0052de90691d4a93,0.55,3.33,0.0,0.0
ec52462a1b41f714,2.11,12.68,0.53,100.0
492b202d2064e7a9,1.18,3.55,0.24,100.0
abd5fb12437eda21,0.4,5.99,0.8,100.0
a474aade8eb3a8f0,0.0,1.5,1.5,100.0
07f959e6596307bb,0.0,7.26,0.0,0.0
709fadb644ee3f51,10.23,10.23,10.23,0.0
c3d2b9bcb4cead6b,9.0,0.0,0.0,0.0
ebef46976554f975,0.0,12.06,2.54,100.0
3c5005b66696d790,0.0,2.51,5.01,100.0
2e585c701f72fe55,0.0,26.04,0.0,0.0
b102c26727306ab6,1.27,6.56,0.21,100.0
76ee3d666c648f6b,3.73,5.59,0.0,0.0
e5c9de15bb58b1c6,1.4,12.99,1.4,75.0
da0995f19b749cfa,1.31,5.22,1.31,0.0
a0e75f4a13eb73f1,0.0,10.3,3.17,25.0
002ca196477ce572,0.0,19.5,3.0,100.0
003d82fa384ca1d0,4.86,0.0,0.0,0.0
326f94d6cfb1bf25,2.32,0.0,0.0,0.0
8fc9ae9c7527dfcb,3.65,3.65,1.83,100.0
5e4eec08896c9423,1.3,3.12,0.78,100.0
f57dd0bfa8c17813,1.06,5.28,1.06,0.0
f4c49976c75c5ab2,0.35,11.63,1.41,25.0
83b00f7597e5ac83,1.72,6.9,0.0,0.0
4bf6b225ff6099c4,1.41,15.52,2.82,100.0
7559395ad833c074,0.0,9.14,6.09,50.0
98a6b2361045898f,3.25,4.87,0.54,100.0
31ee470ef5dc8d7f,0.98,17.16,1.55,54.55
1bcaac2d99b90fce,2.51,1.0,0.0,0.0
61fb8098ccf81c7f,1.21,34.99,2.41,100.0
9b7dfb3b7d99926a,0.0,10.5,0.0,0.0
7f0f171414d0a287,1.03,20.62,4.12,75.0
87aa9fb63d6b51a1,0.0,4.89,0.0,0.0
d06f8869449ba7bd,0.38,13.78,1.15,0.0
9b7694d064a8a0ad,0.54,4.82,0.8,33.33
d3fa5c5955397532,3.07,16.87,0.0,0.0
47b9e0e7703a4868,0.96,19.54,0.48,100.0
3d6749c4267da18f,0.65,29.49,0.43,100.0
4e0692ad070976e4,0.0,15.13,1.51,0.0
41f90012b86a11bf,0.0,1.27,1.27,0.0
be0b310a12eb80b4,0.0,6.3,0.0,0.0
c17041f1bb5768d8,0.76,14.36,1.89,80.0
0d65c432720accb9,0.0,9.66,1.7,16.67
aec185309b4843d0,0.0,15.63,0.49,100.0
70fa1c64a2c439ef,4.38,7.31,1.46,0.0
cc351e408bbb7d43,1.62,23.93,0.81,50.0
4c288a2b250bb576,0.0,22.5,0.0,0.0
6e7506127408aa9e,1.19,11.9,3.57,0.0
36549928f90f1d36,0.87,6.07,2.17,60.0
9c44f290f5726d95,3.38,11.84,0.0,0.0
edd02825c29028fe,1.58,11.85,0.0,0.0
de75d1c45a39e221,0.68,16.76,0.68,66.67
acb36c908d415c4a,6.52,1.63,1.63,0.0
bda04c573563cc2e,2.83,14.17,0.0,0.0
873626e5547b5235,0.0,11.92,2.38,0.0
025f0b1b58fbad01,0.0,9.88,0.0,0.0
f77c68bb4be8516d,0.36,13.05,0.36,100.0
d967f0128c323de6,1.31,8.88,0.0,0.0
2dc1bc1a02961656,0.0,3.11,2.08,50.0
2244d9a2b64b8c3b,0.64,10.94,1.93,0.0
7bde387d50829adf,0.0,45.07,2.65,0.0
85073dbd1be65ed9,0.51,7.1,0.51,100.0
6256b2b1562cb8e1,2.13,11.56,0.3,100.0
a4de54ea806fb525,0.0,12.62,0.84,33.33
55ee431411ccf07a,0.65,11.03,0.65,100.0
634bb0de2eb043b4,1.5,12.73,0.0,0.0
78114b7199cef90c,1.14,11.44,0.23,100.0
99bd87a300079ed9,1.19,22.99,0.79,100.0
31bbd39c0a075d4e,1.59,12.7,1.59,100.0
773f7feacf96153e,0.83,2.49,3.32,0.0
aa5b4eff51bdc7d1,2.82,11.29,1.41,66.67
a9d6e047ce48ab63,5.81,0.0,0.0,0.0
3c6976f8182d9527,0.8,13.02,1.06,25.0
1e1dbd1cc5a7469e,2.62,13.54,0.0,0.0
b12a1d19ee383b7c,1.45,4.34,0.0,0.0
1fc64507a0cb38cf,1.5,12.0,0.0,0.0
38c626ca912c7bac,0.45,20.51,2.23,80.0
31a13532e724ca2b,0.66,8.94,0.66,100.0
fbf0537e420e698e,0.8,16.09,6.43,62.5
2816ced060a21be3,0.38,4.59,0.38,0.0
9c907996820d2d69,0.96,8.61,0.0,0.0
899923ff6ab13917,3.47,2.31,0.0,0.0
52e76bb4b3e852f3,0.28,4.17,0.83,100.0
f046d724d2a84ac5,0.0,10.95,1.37,100.0
e51e5cb722bd47a8,1.6,6.73,0.96,33.33
c268b2cfebccf652,0.0,13.97,0.95,75.0
484acc7b0f856ce9,2.48,11.91,1.49,66.67
73e09f837f3b5ecc,0.63,20.1,1.57,100.0
73c7cfa551289285,0.14,20.18,0.42,66.67
5b2325cd70dbe2ea,0.96,6.69,4.78,100.0
7e511f8d842a109d,0.0,0.88,0.88,0.0
b8592b4a383696cd,0.54,18.84,3.23,66.67
49858bf46dabf6fb,0.92,7.06,0.92,33.33
e70de1859b7ee78e,0.85,5.08,0.85,100.0
31d7446b184e3305,0.92,12.0,1.85,0.0
047a91d3d9c79b05,4.74,0.0,0.0,0.0
20999e27ddd94bda,0.0,26.86,4.13,30.0
d05cb1e8d1b885d8,0.9,14.0,0.45,0.0
0de720c0f1d4ab9c,0.93,14.81,0.0,0.0
c80095f6092271a7,0.37,9.91,2.02,27.27
5331b25a60417ffb,0.0,11.86,0.99,50.0
35e1f9984ed64206,1.54,0.0,0.0,0.0
a0c64f272b65d441,0.0,13.0,4.5,100.0
045f25b3a4c08e81,0.95,4.73,0.95,0.0
f7d73e452b064bf2,1.47,5.89,2.95,0.0
d2c55d1d2e67773b,0.55,8.77,2.19,0.0
4f732e58ed907eff,1.17,12.41,0.29,50.0
928ae2e5b5f7a9ec,0.44,6.19,1.33,66.67
51a0c09cbe9b8472,0.31,7.38,2.46,87.5
e51fcd9cd84c0b93,0.0,6.12,1.33,80.0
e76d9f656ceb82ab,0.0,18.51,1.03,0.0
2c99576fefe53c7c,0.92,9.19,0.46,100.0
88cd34d836b4ebcd,1.27,10.97,1.27,66.67
2296125b6c362355,2.02,7.05,0.0,0.0
82cbb809d5ee565c,1.17,3.5,4.08,57.14
c482c8605455a213,3.18,4.25,1.06,0.0
87f19d19f4cb73f8,1.29,5.16,2.58,100.0
84ff027394f7e470,0.52,1.03,0.0,0.0
4d5197f331c47290,0.0,19.88,6.21,30.0
6f242453c91a5af0,1.67,12.12,1.67,75.0
bb61823f76361297,0.0,28.31,2.02,0.0
b5b684eac99ae0a3,1.62,4.53,0.65,100.0
3ecd936bd8814108,0.0,10.24,4.39,83.33
f1928a52590c5532,0.0,11.66,0.69,0.0
34f88592c0ab7a54,0.28,13.66,0.84,100.0
c03a5022f8439f2a,1.68,5.86,0.0,0.0
47cd337b86b1af92,0.93,6.5,0.93,100.0
f797f0c57a83353e,1.19,5.65,1.49,100.0
72ffecf712673af1,2.31,32.35,0.0,0.0
e51ee8ded927fc51,1.55,4.66,0.0,0.0
192520689012c7e4,2.07,0.0,0.0,0.0
65ddc8a9ac4e8531,0.29,10.33,1.43,100.0
acff437707625fc7,0.91,11.87,1.46,87.5
eef9b891edbd4604,1.23,18.72,0.99,25.0
5aedf14771ca82d2,1.68,5.33,0.56,50.0
ac5a7400da3a9a41,2.14,6.43,2.14,0.0
35faad160d346839,1.29,15.86,0.43,100.0
803bebcfb6d6f506,0.0,33.0,0.0,0.0
a17ad5a5048e8c3f,0.28,22.48,1.4,0.0
dbc17725b887860a,1.71,6.36,0.73,100.0
2c2caf2f2bab9df5,1.35,10.83,0.0,0.0
a12a8314adc1c1c9,0.5,12.5,0.0,0.0
065eb44700e641a4,0.0,6.23,1.78,100.0
776a58a67665a171,0.76,7.61,1.52,100.0
8f5c8850b2484173,0.53,13.79,0.0,0.0
68c7ad953455c73f,0.0,14.33,0.0,0.0
d0e50a3d1b250708,0.0,8.2,1.45,100.0
a2b12c3f3d60ff69,0.71,7.49,0.0,0.0
51e86de150ee8be6,3.17,19.01,1.58,0.0
ef44e4ea9050f2ea,5.73,25.8,8.6,100.0
bb1a2cdad6ff34db,0.0,12.89,0.76,100.0
efa1f6b42c86793c,0.0,21.28,0.0,0.0
4c7781da8c6cae93,1.75,13.66,2.1,100.0
7d96bc577e5178b2,1.36,12.41,1.16,100.0
231cae8b77fbbcc1,0.0,9.0,9.0,100.0
e2ccd9a9ace60de7,0.0,19.5,0.0,0.0
0a95c474e61a6c44,0.0,85.71,42.86,0.0
546f8599a63c29da,1.39,5.57,2.79,50.0
e5bda12faabfc850,1.31,2.63,0.66,100.0
cfb65863d5099327,0.54,2.32,0.72,100.0
92437c6775b3f7d1,1.13,18.29,1.41,40.0
d81ac739417d7f53,1.96,6.31,1.31,83.33
8f6a18831a120817,0.53,9.76,0.26,100.0
c849740a3ff51931,0.74,11.12,1.24,100.0
8a304bfd6bf04a57,0.19,21.02,1.52,100.0
5b8ba8f5512893b1,0.0,21.45,8.17,50.0
b76c6268dc1d3c05,0.0,6.0,0.0,0.0
33a331684283900f,2.21,2.21,1.77,100.0
2aa49b3766a59bcd,0.46,10.14,2.3,100.0
633a45d131192ffe,1.09,13.07,1.63,66.67
f53c1f4ceeed8c08,0.5,19.18,3.78,86.67
103b06d8707895a9,0.75,30.0,0.0,0.0
4bcb6eb12b4ad4aa,0.0,14.6,1.04,100.0
ba1e6cb3d43f7430,2.39,4.17,0.0,0.0
42a7e90605df3c8a,0.63,10.06,4.4,100.0
917a5cb9821df261,0.0,2.81,1.41,0.0
4690d47bf725fd98,2.36,2.36,0.0,0.0
882d62561063a927,0.0,2.0,1.0,100.0
08e908ed6d18d6a0,0.33,2.6,1.63,80.0
ed9d8ee3a4239b1c,1.22,14.62,4.87,50.0
8f382b3baa954d2a,0.63,6.33,1.27,0.0
9fa568ad2bf2cb0b,0.0,16.79,2.52,16.67
71002dbc1743b9a7,1.38,11.28,0.55,100.0
55ed59d541f8b90c,1.53,16.78,0.76,100.0
4665f9f909cd7214,1.17,4.69,2.34,50.0
d50382dc0565a9e1,0.0,5.25,0.0,0.0
ec664422b22d9787,0.0,21.24,0.79,0.0
683ea28a198936fe,0.0,21.0,0.0,0.0
3956bdc8ab2e54b3,0.0,2.16,4.32,50.0
0b8d512c79b4baf3,0.0,24.0,1.5,100.0
f5f6419c5f00abad,0.0,30.0,3.0,100.0
d1528ac5675558b1,1.76,6.15,1.76,100.0
a8c9d16fe2a14d72,0.0,4.15,4.15,0.0
ee779c43a8926d52,0.96,8.49,1.6,100.0
bc656db347f31e19,0.0,16.18,4.41,33.33
81d9df19e255b8b6,0.0,10.88,5.02,100.0
528c24b99fbaab79,0.0,8.75,2.06,0.0
09f579be4520394a,0.0,13.65,3.9,100.0
01fcef7e3d051722,2.76,19.33,1.84,0.0
b9664eae2ac75262,1.44,2.88,2.16,0.0
bdcbb976816fd256,1.23,7.77,0.0,0.0
34e552520a934063,1.18,13.02,0.39,100.0
0ee783aa00e468f0,1.21,8.07,0.4,50.0
4b1d46a1b5c0fd11,0.0,7.71,0.96,100.0
ce1e867808ef5fce,0.0,7.32,0.0,0.0
544d7460b3e44393,1.24,8.69,3.1,40.0
3bad7ef643840f67,1.08,7.59,1.08,66.67
907e60fd13407e1e,0.51,9.68,1.53,100.0
e9213f53ddeca978,2.55,14.47,0.85,0.0
2fc7e9701642ca38,1.32,9.21,1.32,50.0
e9ac7bfb65c25497,0.0,9.98,3.07,0.0
e979c76341f19b22,0.0,21.5,0.0,0.0
ad56b3f00ca38dfd,0.0,6.47,2.77,0.0
5d7bdab5e03e3216,1.29,5.16,4.08,84.21
5ef0088c1b19beeb,0.38,7.97,1.14,100.0
99bcdf5eac39898f,0.0,2.87,0.0,0.0
f5990c11974d8e9c,2.0,12.97,1.25,80.0
1cf7ccf64a5bf24e,1.85,8.0,1.85,0.0
c07efc18b231f170,0.69,3.44,0.69,100.0
6da99156486ed6c2,0.84,10.65,2.51,41.67
bf0e700106d00e55,1.6,5.59,0.0,0.0
826475cc758e60e6,8.85,0.0,2.21,100.0
d024ed963e8bf7ea,1.15,7.48,1.15,100.0
c5af5750e8bae4f0,0.0,18.43,0.0,0.0
71f048adbfed5b49,2.71,4.07,0.0,0.0
27b164b0d1833df0,0.0,5.84,10.51,66.67
69f01b25dfabaf6b,0.0,14.81,6.58,50.0
f7a7f7118d4b01b6,0.5,14.05,1.16,57.14
cc900af167fbedfd,0.46,5.95,0.46,100.0
2f95a3c6d58b2aad,0.0,15.65,0.23,0.0
2fee10d5cf86bfca,0.0,7.83,11.74,0.0
2a4200ead401a9ce,0.0,13.04,17.39,62.5
fae67903c4fe636b,1.61,1.61,0.0,0.0
2747c60e42d9d75f,0.0,14.39,0.8,0.0
d4a31850a7457f1b,1.25,4.37,4.99,37.5
1de9ad94de18eeaf,0.0,19.5,1.5,100.0
a4e85a58fbce64b2,2.88,14.41,0.72,0.0
472f6f6e6d962f40,0.0,5.27,0.0,0.0
c7be22a47a58365a,0.0,0.0,7.5,0.0
404ecb2700844072,3.0,0.0,0.0,0.0
2db0c114414d4f06,0.0,9.0,9.0,0.0
b96939f2b8d88e82,5.2,0.0,0.0,0.0
c727c7d31c50c4cf,1.08,7.53,1.08,0.0
2b93ebd9f5417ad2,1.56,12.72,1.04,75.0
0941df56f6ac954b,0.4,8.07,0.81,100.0
26b63bc5c0c1f65d,0.0,14.52,8.71,66.67
a8e6a69796280f17,1.11,9.39,1.11,100.0
ed209f6618c82e41,1.5,19.5,1.12,100.0
ac29d508d78384c9,1.13,9.07,0.0,0.0
bf43fed8f29e1671,1.98,4.96,0.99,100.0
02f2a9702ba3d167,0.86,10.71,0.43,100.0
cbf1c7ba5408a66f,1.0,18.0,0.0,0.0
1ebdcb7488d0ebee,0.0,3.43,5.14,0.0
3be081c29bf734d9,1.53,11.44,3.81,30.0
a851c35f58199231,0.96,5.79,0.0,0.0
5140122c3eecd307,0.0,1.0,0.0,0.0
00e11b5c8b7bfeeb,2.5,6.5,0.0,0.0
db1f2ed63b54b9a7,0.66,9.62,1.0,100.0
4ac1ecf8ce59ef23,0.51,6.64,0.51,100.0
2fe9032955c2e013,0.91,12.68,0.91,100.0
74d35fbc9c6a61bd,1.82,10.91,3.64,0.0
c76ec2bc3a57666a,2.35,14.08,2.35,75.0
b69f24c500d783e7,0.0,6.79,0.38,0.0
d6285cba1d1052e0,2.43,7.28,2.43,100.0
05b43e0ead3df345,0.0,21.39,3.29,50.0
0dba4df5f34d5ff0,1.17,6.85,0.39,100.0
3f11b5d4bd76a6d9,2.0,2.0,0.0,0.0
96c336b463e0662c,0.0,30.47,2.34,100.0
8d5350fa18b79e9a,0.0,12.0,0.0,0.0
e81dd0bb8a64b550,14.75,4.92,0.0,0.0
76984112f697631f,0.65,10.37,0.65,100.0
9be6020024133293,2.5,1.25,1.25,100.0
0749d968e932df53,0.57,14.74,1.13,100.0
9bcf8603ceb25680,0.46,13.92,1.16,100.0
199eb7cf6ae90294,0.0,7.5,0.0,0.0
c13042265355a290,1.64,24.59,0.0,0.0
470fedbc8563ac47,0.0,19.04,1.39,66.67
3236bf606fe9fa5b,2.03,6.31,1.35,66.67
2d447cc91bdaa545,1.56,1.56,3.11,0.0
30ea504870f8597b,1.32,10.57,0.0,0.0
71df36d6d8cf0d74,1.75,6.11,1.75,50.0
1fcfc3709fe58151,1.06,3.18,0.35,100.0
330bafba312face4,2.08,4.17,0.0,0.0
e25bcbcdaf6537a1,0.6,11.42,0.6,100.0
8b5f9ea38184ded3,1.08,9.19,0.0,0.0
b6e6c3b1dcaae0a1,0.0,18.34,3.44,33.33
39330403ad27c2bb,7.79,1.95,0.0,0.0
449c890bd90f3374,1.31,18.31,2.62,50.0
c945adc22c2bfe8f,2.11,10.01,1.84,28.57
f215cfbd4ba3c270,2.64,20.25,0.0,0.0
b71ce838b01f2cad,0.48,14.45,0.48,100.0
e14b5aa06eea9653,0.39,22.39,4.71,66.67
eeabcd4dc6619129,2.67,10.68,0.0,0.0
b8aef0faf4ce9b31,1.16,7.75,2.71,57.14
1f454354805b6f75,1.11,14.1,0.74,100.0
7dfb56f24fe5ddea,5.01,3.34,0.0,0.0
e45cfa47f504033a,2.99,14.95,2.99,0.0
b0bd0c5425668b8f,3.57,5.71,3.57,40.0
75afb06215a07341,0.0,13.48,1.69,0.0
1a98c9dbb7fc3959,0.0,12.09,3.3,33.33
638cfec7ec559d6e,0.79,12.57,3.93,0.0
98e946879ba20c0f,16.88,0.0,0.0,0.0
f923e012414c883e,0.0,7.11,0.79,0.0
282fa667ff9c51ed,0.78,8.61,0.39,100.0
c06a9b48d4132c8e,0.0,20.94,1.85,66.67
3c660c90d48fc80d,2.45,7.34,0.0,0.0
fcce75a25c14a804,0.0,14.69,0.0,0.0
46a2f24feb258ae0,1.08,8.11,0.54,100.0
57ab4d7c0bc09a30,0.0,9.86,0.43,100.0
83825fad27ab3581,1.63,13.04,4.89,66.67
75a6a390fd5dca46,0.0,11.66,1.46,66.67
8ce87f7e3a9baed2,2.5,5.0,0.0,0.0
e3779ef06e98f185,0.0,2.13,6.38,100.0
28c55b4087a6f136,1.12,17.84,1.12,100.0
7339d340aa2889cb,0.69,10.38,2.42,42.86
3058888c33149a53,0.0,6.34,0.0,0.0
165c244bcca3ed26,0.0,6.75,0.0,0.0
303a05a7aa3ff761,0.0,16.47,1.65,100.0
5ea918ea81b7dee2,1.91,11.44,0.95,100.0
840d2c82ea68b9aa,0.61,23.0,5.45,88.89
c0ab242c40decc55,0.86,6.67,1.08,20.0
232c582f29f8f65e,0.33,12.63,1.0,66.67
1536a25e16fc299b,1.71,5.13,1.71,100.0
0e21976afc92e4d1,2.63,5.27,0.88,0.0
98aa60cf58071fd6,0.0,15.94,2.79,85.71
c8097968da5e5f13,0.0,14.17,0.98,100.0
1c86754617d9813a,0.46,2.74,1.37,33.33
94508d80e1f885fc,0.0,25.44,0.0,0.0
8163cd7de0342652,0.0,14.52,2.42,0.0
ec71a892fada28c7,0.61,7.9,4.86,87.5
af62f99eb7606308,0.43,5.53,3.4,75.0
cd01f0b768a32475,1.0,4.99,3.0,100.0
9c42a0de8e012870,0.0,13.61,0.0,0.0
5713c1d2fac539ac,2.37,14.21,0.0,0.0
fb41432b622992a9,0.0,9.24,1.03,0.0
3f7c14c7eca7195d,0.41,6.41,0.0,0.0
fa37628269132d1a,1.45,7.24,0.0,0.0
5866fc86183a9fb8,1.83,18.62,2.56,100.0
00a3ff40c4b2cf21,0.0,30.47,0.0,0.0
8614b7134913f5d5,0.0,4.71,0.0,0.0
6eaec40f724852f4,2.78,3.7,0.0,0.0
06827d70c53ff0d9,0.54,10.86,0.0,0.0
68f6e96c5fa6e044,0.75,4.51,0.0,0.0
784285b7ae7dd85f,2.35,26.66,2.35,66.67
365fee2da473b177,0.0,9.83,4.12,38.46
203c957eac95dd87,4.32,14.2,0.62,100.0
5b5307450405abf0,0.19,14.76,2.72,92.86
8f2deefe8c5dfb5d,2.68,16.07,2.68,0.0
7ea4a9f07df33a45,1.62,15.41,1.62,0.0
3f1d23b01c552a13,0.0,3.6,2.4,100.0
49f78022126bf4a4,7.32,0.0,0.0,0.0
202b0467521c9d6f,0.99,2.98,0.99,0.0
9ccf8371fd80d45d,1.83,6.4,2.74,33.33
513c6f1715e547a8,2.37,2.96,1.77,0.0
0ff11cc094e887bc,0.37,4.39,1.1,66.67
d0314416a7f26527,1.49,9.46,1.49,33.33
9ab9912e0f8fa6d6,0.0,6.0,0.0,0.0
fe5a9547479396ab,0.91,9.06,0.0,0.0
c5a126ace82a6025,2.76,19.31,3.68,0.0
f50d95223751e6ca,0.0,16.28,4.07,44.44
1ccf4e7caff270df,2.7,12.03,1.96,62.5
cbd5d3cdd862e90e,0.57,12.73,0.28,100.0
8d9586726252dbf7,2.72,4.77,0.0,0.0
e023fa2e648ea0f1,4.72,7.09,0.0,0.0
eff47295daf721a6,1.37,7.31,2.74,33.33
3dd92ff9fb0412b3,0.0,8.96,2.24,100.0
55f446032177b119,0.0,16.83,4.39,66.67
6c2030e0a143a94b,0.4,16.79,1.21,33.33
83fd97284f4bb4a4,0.0,13.8,2.15,71.43
04b39f4e8eb59d7c,1.26,10.11,0.0,0.0
8349d55cdecd393a,3.85,7.15,0.0,0.0
ff6a1f63c254127e,0.0,18.51,1.03,0.0
53ec9cb470e1a4ea,0.0,7.91,0.4,100.0
7cdd3e5d3aa9cb39,0.75,5.24,1.5,100.0
7c3c48cf54a2848e,1.02,8.66,3.57,28.57
53278852bcd91e11,0.98,12.06,1.63,60.0
38ed5a2299230227,0.0,13.24,6.62,0.0
d7adfcfdf7c6c1f8,0.0,1.72,0.0,0.0
1dafccb62a0f98ec,0.0,14.74,5.16,71.43
494b0bfdbac74502,0.87,9.57,1.74,100.0
f5431394fb284bb9,3.01,8.52,2.01,0.0
cfaf010d5b389c09,1.18,10.62,1.18,0.0
8f4eeaf7a0df7c1a,3.17,1.59,0.0,0.0
14ff46596ad80609,0.0,15.45,0.0,0.0
ad3f53c454cbbead,0.41,8.95,0.81,50.0
6c7e25571490aa3b,1.17,15.18,3.5,16.67
8f0d576beba1cfcd,3.15,5.25,1.05,100.0
9f755fb04cc21499,2.3,6.91,1.15,100.0
7e47047d0971d566,1.74,11.33,0.87,0.0
f40ec51dd4de47c3,0.0,7.5,0.0,0.0
9fa3bd637edd9aa2,1.36,10.5,2.33,50.0
4a1329cc8eb0928a,1.01,7.59,2.02,50.0
c2e3e67b5911bfb7,1.14,9.91,1.52,50.0
9450848a71d53776,0.35,15.24,1.04,100.0
ec2d13a87d3d9541,0.0,8.15,0.0,0.0
9deff9e3e8d94d47,0.0,8.3,2.77,66.67
36df8e119aec6175,0.0,14.08,0.83,0.0
cf615eb4b7862c76,0.0,33.96,8.49,0.0
a36556bb1565e32d,1.97,13.32,0.99,50.0
80d918336163b80c,0.58,9.29,2.32,100.0
270b89c00ef0c55c,1.44,3.83,0.0,0.0
b12fc8a41e82d3a2,0.7,18.31,1.41,50.0
a00ec21cfbba17b6,0.0,21.0,0.0,0.0
b0550072e5f0afa7,1.9,16.17,1.9,0.0
2676b28836a5a836,0.48,19.46,4.32,94.44
9a2d3567abc02e34,0.72,23.63,1.43,50.0
aed06011bf62237b,0.69,9.02,0.69,100.0
68c11c27d4d56572,0.93,16.7,0.93,100.0
2c1170b825f58e57,0.75,6.01,1.5,100.0
8bdac25ce0bb874d,1.54,6.16,1.54,100.0
4b4753d19489297f,1.64,2.46,0.41,100.0
54578e5927adea53,1.0,18.98,0.0,0.0
cd85b48dc880fabd,1.99,19.91,0.0,0.0
4b8fb0453a596b8e,1.56,20.24,0.0,0.0
30b577b112bef42d,30.0,0.0,0.0,0.0
6e7c758f5cdec01a,0.0,4.72,3.37,60.0
49a74b9fb2e45fdf,1.42,24.59,3.31,85.71
777dea713da2441d,1.0,25.0,0.0,0.0
99c7610aa74995d3,1.6,3.2,1.07,100.0
e50cd77732d39967,0.0,6.05,1.01,100.0
132505067f08c54d,2.51,12.53,2.51,100.0
48e093ea1f43a053,0.8,15.11,0.8,66.67
44470bfd9483c7ad,3.54,12.98,1.18,100.0
bc8f6b42767e28df,1.59,11.94,2.39,66.67
ca2efc9d7d523c43,0.97,4.35,0.48,100.0
97a6bbe6e6566a94,0.0,23.29,0.0,0.0
7dcf06c1967801c1,1.34,4.68,0.0,0.0
b2e3aca4cd363477,0.26,19.08,1.55,50.0
1fb80f46d3c105d9,0.66,20.78,0.33,100.0
75e5fec9f72910ef,0.53,10.0,1.32,60.0
6c7020b859c7a3ce,0.0,11.26,3.38,33.33
d221ee27afc7a60e,0.9,8.13,0.0,0.0
6c011be66326ad97,8.7,17.39,13.04,0.0
cc900c6a71ed23f3,0.0,5.59,2.4,100.0
d512d9f204059f57,1.89,11.81,2.83,33.33
56c9acc4e86046a2,0.0,21.75,3.35,0.0
501b07aec9b8fc2d,0.72,23.57,2.34,84.62
b4eeac608fc82f88,0.65,6.83,3.9,83.33
c575ab451e3c5b1d,0.0,15.0,1.0,100.0
81801f57bd0a7c41,1.97,14.8,0.0,0.0
9fe85152f351e737,0.66,13.92,2.32,85.71
3e61082025db8137,0.0,12.0,0.0,0.0
6e0273f9478be71e,0.46,12.77,0.91,100.0
5f99b2bafb10305f,0.0,6.32,3.79,41.67
a7ddae0be8b78147,0.86,3.45,0.86,100.0
22aa91e402d0fe1f,1.3,3.9,4.34,90.0
91ea901c458e95dd,1.23,4.92,0.0,0.0
dfae5da5676e4194,2.36,7.09,0.0,0.0
4f11e9ce318ffbcb,0.0,22.73,4.55,0.0
0b64d0fed453ef7f,0.86,13.73,2.86,50.0
1ff9589f9065a9ed,0.99,2.18,0.4,100.0
a566371ba2ad7152,1.45,5.8,3.87,100.0
dbea8c1cb327ab3d,0.86,7.71,8.56,100.0
8a70ceb3edbe757b,2.44,17.6,1.96,75.0
8a9c6c4301f6d088,0.75,21.0,0.0,0.0
6e92eb1242b46636,1.94,27.21,0.0,0.0
159da492e000afbf,0.0,15.41,0.0,0.0
bd878a638e0e3be3,1.23,8.61,6.15,20.0
bffeb123b21c9aad,5.55,4.16,0.0,0.0
d0c29452d3272603,0.57,9.75,2.01,100.0
9a97acbfd5a08bfa,0.0,0.0,0.0,0.0
baa9be02c3e3e038,1.76,15.82,1.76,100.0
b7ffa72aa148599a,0.0,25.58,0.8,0.0
32c03df3c9760069,5.08,10.17,0.0,0.0
7413b80dbb0f8f9f,2.7,27.03,0.0,0.0
2153a7f8396a46cc,1.89,9.47,0.0,0.0
ef7fa30364cbe7f2,0.77,7.74,3.1,75.0
00debc804e2b1cd4,0.0,12.3,3.52,75.0
e18a19001a3f7c7d,2.27,12.1,0.76,100.0
1e7483dbff40b84b,0.0,12.49,0.83,100.0
40ff198adda94b9f,0.0,20.29,2.77,66.67
7b310409440c9102,0.0,17.25,0.75,100.0
179f1948dc234f1f,1.35,10.0,4.59,82.35
64360e618823a8e4,0.0,18.36,0.48,100.0
57887765f831e228,1.83,29.21,9.13,40.0
9eb069062a0cfc13,0.0,22.5,0.0,0.0
8a59d346dc976a10,1.63,8.15,2.56,100.0
32ba186f4b0e3267,0.76,4.56,5.32,100.0
aa6e591c2a2cdecd,0.0,2.46,0.0,0.0
ffc088e64fab57e9,0.27,17.91,2.44,77.78
ffdeb4fbea09ce75,0.0,6.01,3.01,100.0
8cad40a75e5c97f5,1.08,23.68,1.08,0.0
9310418684bc896f,1.0,20.0,0.0,0.0
fd5b6598a3b70c0a,1.11,11.46,0.0,0.0
5c2ce761399dc9c5,5.77,0.0,11.54,100.0
4fcf6e0c4e0e6664,0.0,4.21,4.21,0.0
4638cc6479cc0afe,0.0,16.69,2.57,0.0
72c4b253d2f5ebf2,0.0,4.31,6.46,0.0
6dd758d34da8d254,2.71,18.95,0.0,0.0
8bbc0cfc01bc1ba1,4.33,18.78,1.44,0.0
ddf3e0ea10ea6d8c,0.0,16.46,9.15,80.0
abd2109bc4cb0291,9.57,76.6,0.0,0.0
ed74afc8b5b47a61,0.96,13.45,0.96,0.0
19db7ac26308178f,0.0,3.32,1.66,50.0
33e00249ef08d3a4,1.89,18.91,1.89,0.0
16b89be2f5c16fba,0.0,2.28,4.56,0.0
fc31f896cde2bc2e,0.79,14.23,2.64,100.0
7b39035fae7268b8,4.69,18.75,0.0,0.0
1f4b04a926ef1287,0.0,13.63,2.48,50.0
3a524c6700addc24,1.5,9.0,3.0,100.0
9147679e1a4ad4a3,2.81,2.81,0.0,0.0
701e057d63c124d9,0.5,15.0,1.5,100.0
c1ea9d56cd953586,1.63,3.25,3.25,0.0
902ab9197b83d0db,0.0,4.59,0.26,100.0
3f52ce18fb98008f,3.38,12.69,0.85,100.0
b6c4451cb13c9303,1.32,7.89,3.29,60.0
d1e7fc58d4225cdf,0.77,8.47,5.13,100.0
4ae4049426e0161d,0.0,3.0,0.0,0.0
a54fc2d6fc224dc3,0.49,7.35,2.94,16.67
8e8e4487c621aa1c,3.57,0.0,0.0,0.0
49f4b511932f71e9,1.29,28.49,1.29,0.0
f86cb5f25d545e0e,0.98,0.0,0.0,0.0
172c2135e70f87b7,0.56,18.61,1.13,100.0
369e1ce458ef50a6,0.0,18.0,0.0,0.0
5f04e3d58d9ce982,0.57,18.16,2.46,76.92
85d0fafb8b75d634,11.32,0.0,0.0,0.0
8d49545dadf9b919,0.0,1.89,3.78,25.0
0c5c66ddd1886b83,0.0,8.21,1.37,50.0
fb79582c410d049e,6.62,39.71,6.62,0.0
60029bcf496bd707,0.75,8.27,3.01,100.0
2284092f8b63273b,1.47,7.36,1.47,0.0
1ed32eaaba9ffe10,1.27,22.91,3.82,0.0
cc6f9d1e89f3449a,1.5,10.79,0.3,0.0
7abe471b61725980,0.0,5.69,3.42,0.0
5f87a5c00b3d17ed,1.51,11.35,1.89,80.0
39cc64bf0a269db9,1.42,15.62,1.42,100.0
8abf70f79e9e27c2,1.65,7.42,2.47,100.0
64788ee44b062ded,0.6,9.6,4.8,100.0
c4af2feb4b58bc3b,3.42,16.22,0.85,0.0
ba280572acfba13f,0.35,10.09,1.04,33.33
7e208569469c8bc8,0.0,13.61,0.0,0.0
bd5403efbaa445c0,0.0,36.29,11.79,53.85
3591d0d5d382a381,0.89,13.36,4.01,100.0
30a09e43f15f1d75,0.85,13.24,1.97,100.0
575360be653ad6a6,0.0,12.0,0.0,0.0
b959e8c7fd8390d2,0.4,20.14,2.01,80.0
c136b2a8852da5bd,0.0,5.34,0.0,0.0
69a400af4420cd6a,1.59,15.93,0.0,0.0
1971869b7e054261,0.7,29.37,2.8,50.0
d188a3b817860ec6,0.43,21.06,6.02,100.0
69e8c632135af48b,0.0,4.58,0.0,0.0
efb9a43415a56d34,0.0,27.0,4.5,100.0
173acb3f920082b8,0.58,4.08,2.33,75.0
dcbf01d605681ad1,0.0,11.25,3.0,100.0
9b198c73e3d0d289,1.85,0.62,0.62,0.0
f95381efb3051d81,0.55,11.0,0.0,0.0
6809c31286b08d97,0.0,23.78,2.16,100.0
7bc96507e4b38d3b,2.3,1.15,0.0,0.0
5580771f383e141f,0.58,20.38,0.58,0.0
b4c96c3d9139bf0e,0.0,1.5,3.0,100.0
d2a9be6bf2de624c,0.0,0.0,0.0,0.0
3c0437fbeda06962,1.98,18.83,1.32,75.0
d5b7fac960e58920,0.0,18.15,0.0,0.0
92b62174c175ce19,1.56,13.01,0.52,0.0
ffc3e6daaa6da0b7,1.36,21.72,5.43,25.0
0c9c0a43d3f3f49d,0.99,0.99,0.0,0.0
2e25c1d983c26311,3.75,7.5,5.62,0.0
fb8a3025ae722e64,0.97,19.48,0.0,0.0
3623bd267a2eef2e,1.01,5.55,4.54,100.0
5fceb45939fc0c8a,0.0,5.87,7.83,50.0
8bb6f4479685bbcc,0.51,18.43,3.07,66.67
05560764359161e4,0.72,15.84,0.0,0.0
f3a853544e4413c4,3.36,8.4,6.72,100.0
6bf5a7d3e081ade2,0.0,24.56,0.0,0.0
fc60ecf0671b9489,0.0,6.28,0.0,0.0
ee9d73f4fee9cbdd,3.13,3.13,0.78,0.0
f2ad06f1007c481a,2.24,20.2,2.24,0.0
bd21a1e3d41c97ee,2.57,9.41,0.86,100.0
c1a5d3843596df92,2.52,15.13,7.56,66.67
d0a5ef38a7778ac2,4.5,27.0,2.25,100.0
bc3ec52ef70fc155,0.0,18.17,1.14,100.0
cf9d24e4bd0cf2ce,0.26,4.13,2.32,77.78
ba043b03eb799063,3.39,4.24,2.54,33.33
43563a32c3f10e95,1.05,14.75,4.74,11.11
fe435e440b5de0ff,0.42,8.36,1.25,100.0
ab850a77a0fa487d,1.39,26.81,2.31,0.0
44bc27bfa76dcd9e,0.99,17.78,0.99,0.0
901cddcbfa079097,0.0,20.72,3.07,75.0
5cafbc97dba2e797,0.0,9.7,2.43,50.0
d8d7b24d276c8cb0,0.0,0.0,0.0,0.0
80dbeb1dd5b53e64,0.38,21.38,0.75,100.0
700a674c042b7a96,0.39,8.92,2.71,42.86
15b1b21cd743d652,2.56,4.6,5.11,80.0
b406da701c479076,0.0,2.19,1.09,0.0
f8fe2053d73d7bcf,0.54,12.9,6.99,15.38
ff4c3ab594c7fac3,0.84,5.03,0.84,100.0
a20d7dfaba74c067,1.01,6.07,0.51,100.0
7c6e87729e824ef4,0.0,15.16,1.38,100.0
c295de4e10acd4c9,0.75,7.5,0.0,0.0
98f6da59d765ec94,2.56,4.7,5.98,71.43
fe91d254db77a7fc,1.65,8.27,0.83,0.0
d1e1fdcea7c8a90a,0.0,1.3,1.3,50.0
b9c03e7a4557e542,0.0,2.0,2.0,100.0
32be4b7f7de1c905,0.0,17.51,3.26,37.5
915c8d39d4a0e7d1,4.86,0.0,2.43,0.0
d43a048a880efdff,1.14,13.5,1.52,75.0
960d6cae8879ba2b,0.0,25.06,1.67,66.67
658c3465581ae46b,1.76,9.22,3.07,42.86
981ab7a0576f76a0,0.0,6.0,0.0,0.0
b13da0b1a3aed3e7,0.53,11.03,1.05,100.0
da1d8d76404bb6b5,0.0,12.0,1.0,100.0
1ad381c8994c4e5b,8.82,26.47,0.0,0.0
6546af7ab545b90c,1.62,9.75,0.0,0.0
dd37fd509af89f15,0.87,4.04,3.61,80.0
f65dcb22dada2223,0.85,8.51,1.7,50.0
6506c1d34da9c013,0.46,8.3,1.23,75.0
e5d03e4d966126bd,0.91,10.93,3.64,75.0
5c1ca0c72b599a3c,0.91,29.94,0.0,0.0
b35ba64b6a2bbcb3,0.0,30.92,0.0,0.0
7f955f71fa2ce7ac,1.48,12.94,1.11,0.0
5dfe71ade71f3a4b,0.0,7.5,4.5,100.0
893d51aaf024eddd,2.56,13.44,0.64,100.0
89a407032911e27e,1.2,4.38,0.4,100.0
e5ecaf884b6da2bc,1.81,22.61,1.81,100.0
50d2f0018bcf9eef,0.0,14.07,0.56,0.0
3c921b1a30fdcbdd,0.0,24.0,1.0,100.0
5755960ebd0b16f6,0.0,10.39,2.8,85.71
1abfb658cd4f8533,4.55,22.73,4.55,100.0
2924886ee9c4c527,1.7,14.63,0.34,100.0
8ddf9c51c5fdea75,1.65,2.06,2.06,100.0
14aa21bc82cac57d,0.0,7.48,0.0,0.0
8f2939f5fd9cca1e,1.23,9.19,4.9,100.0
896c322f56b8be5a,2.57,5.15,0.86,100.0
c3bd649a9194e50c,9.73,4.86,0.0,0.0
55f80a8aeffcdb33,1.28,5.78,0.64,100.0
be4076c9e8d791e3,0.0,6.0,0.0,0.0
e363b21261814830,10.84,21.69,2.71,100.0
cd12227edd3f134b,1.5,9.75,3.0,100.0
0fb1e2694a39a02f,0.0,0.0,1.5,100.0
e56daf7725a0b5ab,1.11,12.18,4.43,62.5
3b9f723e2720a238,1.6,12.77,0.0,0.0
19a8cce18a1cef9e,0.9,21.56,2.69,0.0
a01e84abefd85ec0,2.37,15.82,1.58,100.0
b72a60a0cadff408,0.83,13.27,1.66,100.0
23459ee7e373b98f,4.34,26.07,2.9,75.0
46fd223e3ced39b3,1.71,8.57,0.0,0.0
236a37d96d476164,0.29,7.42,1.14,50.0
e0b74df14f52cd15,0.62,9.86,3.7,33.33
b26d3e3746fb4024,2.57,1.29,1.29,0.0
86f582852a5b240a,0.59,14.16,3.24,54.55
7bd94b60d7521e4a,0.0,3.53,7.06,0.0
f2c8ebbeafd45f2b,0.74,10.4,0.0,0.0
88a9bc81271ccd89,2.18,3.27,0.0,0.0
acd9513399a8b09b,0.0,12.55,1.79,0.0
0d506315895efffc,1.62,11.37,0.54,100.0
917e53fa0adea0d3,0.34,11.5,6.09,94.44
a17322f99ddfd8e9,8.21,2.74,0.0,0.0
879f6cae48d25baa,2.23,15.63,2.23,0.0
5abf827d62f98fee,1.82,9.09,3.64,0.0
a1f6999fe57236e0,1.79,8.94,0.0,0.0
7c35f869033901ae,0.0,2.4,0.6,100.0
fef3d17e27e916e7,1.05,2.1,0.0,0.0
2c64c035485906aa,0.0,15.0,1.5,100.0
a0602dd050bebefc,0.0,15.0,0.0,0.0
b7f38813485745da,0.0,34.43,5.94,40.0
c4fe2e9a06ea5bcb,0.0,15.77,2.1,50.0
411d012af19ecb59,0.0,30.0,0.0,0.0
c9f6385af6df66d7,1.03,8.21,2.05,0.0
33011768c3c4dc9a,1.26,13.82,0.42,0.0
7b143a54451263d9,0.0,4.88,1.63,0.0
6cadfd8f1d9e7685,0.0,24.36,0.0,0.0
6f018c039b4d5d80,0.76,11.21,5.32,100.0
6f81b6de2557739a,1.05,5.93,3.49,60.0
bbfca6d5c27d9cd8,1.19,20.86,7.15,100.0
ccd1299e0345e0ce,0.45,20.14,2.49,18.18
6ef65b6a152e49d5,2.43,3.64,2.43,100.0
d53482bef23235ba,1.44,25.92,1.44,0.0
52ba464d9068d871,1.23,17.28,0.0,0.0
4417980b3e798abf,2.81,7.48,3.74,100.0
af90b10c785ced3e,2.13,2.13,3.19,33.33
edad57b3dddf2168,1.12,20.22,5.62,80.0
7f6ef4e1227600bc,0.0,15.7,8.72,0.0
3a24769a4855040a,0.0,34.5,1.5,100.0
7d09200f6a77b20e,0.0,16.5,0.0,0.0
879b8df81523d91b,1.57,7.84,0.0,0.0
d897897060f10a3a,1.66,10.98,1.66,100.0
b788862dd1c11eac,0.0,36.0,0.0,0.0
c23e3d4875340d8d,2.65,10.59,6.62,100.0
c34e5849184b08c3,2.89,14.47,2.89,100.0
182f2b78582de3d8,1.25,7.49,8.74,71.43
0a97691039c4bbfb,2.56,14.07,1.28,100.0
d023ae89a2a4a41e,0.29,8.09,1.45,100.0
24b033b3daf1c9df,1.56,4.16,0.0,0.0
fbf0947399d14323,1.25,5.01,0.0,0.0
d1a1314976c50bef,0.75,16.01,2.0,62.5
4304992c2acc187b,1.75,10.51,2.63,66.67
d5f820c11a121050,0.36,10.79,0.72,100.0
473ce3aa581251a2,0.69,10.64,4.46,92.31
28f3c2258a1d8874,0.74,15.14,2.58,100.0
f59e9e49ef85b469,0.98,19.5,2.93,100.0
322a56923b396b4d,0.0,9.4,6.27,21.43
98b80a717b9bda17,1.0,3.01,0.25,100.0
a26198ba5093147e,0.31,11.61,1.53,100.0
60ba33c3f555a7a3,0.91,3.64,0.91,0.0
1eacf73d6a0055dc,1.32,13.15,1.32,83.33
d4f364dd076bb0e2,2.3,2.3,0.0,0.0
fcffee71cff5530e,1.19,10.91,0.0,0.0
7a15f3694c5cbc02,0.0,24.87,0.69,0.0
c96e2ae6021144a1,1.66,9.96,8.3,0.0
d23ccf4a6c221284,0.0,12.4,6.98,22.22
2937cb502dda0808,0.0,0.0,6.82,0.0
970beed85bc46b63,0.0,0.0,0.0,0.0
86061eaba822bfea,0.0,0.0,0.0,0.0
b2f88c04c4dd43ce,0.0,13.27,5.53,100.0
b2a2da86546ddb19,0.0,38.97,0.0,0.0
76729a829623e266,1.16,11.58,1.16,100.0
e57fdbea1b828202,0.0,10.59,4.24,50.0
b0a6124751a56bc4,0.81,4.06,1.62,0.0
5b2d7906aa894274,0.0,4.54,5.3,28.57
33b2f68ef95252e0,0.82,6.56,0.0,0.0
2650e2f846a30f64,0.32,16.29,0.0,0.0
2be6596a9db33bf5,0.77,6.58,4.26,72.73
7be63795363029e8,0.62,4.37,4.37,28.57
d18dbcb0f8e2b55d,7.58,0.0,0.0,0.0
579fcdfcabd23a7b,0.66,18.43,2.63,62.5
a8ea84cbe1655f0a,0.0,15.0,0.0,0.0
fea8acf9bfcf09ec,1.27,2.55,2.55,100.0
4834ff149dc9542a,0.88,18.42,2.63,33.33
dcdd511ff757f15c,1.84,11.04,1.84,0.0
51b1e2fd9872005b,6.18,0.0,4.12,0.0
706f8e2b34e8e18b,0.0,33.64,3.6,33.33
48d1f690b763934c,0.29,7.42,5.13,38.89
353de740bb6c7e75,0.63,1.26,0.0,0.0
46baf0f57edfa4df,1.06,12.75,0.35,100.0
cc3147b49c7d7d92,1.63,27.67,0.0,0.0
84ac950d4c1722dd,2.16,15.14,1.08,0.0
bc7230f231701d66,0.0,14.2,0.0,0.0
ece280745f8727b8,7.44,24.79,9.92,50.0
696002b59f09d73b,27.27,0.0,0.0,0.0
cb46dface0e28a2c,1.85,15.5,3.32,44.44
ccdd90bd1fc7dab6,1.55,8.91,0.77,50.0
e9e1acc96536bb4f,2.64,26.39,11.88,44.44
11f8860028b68fcf,0.0,24.51,0.0,0.0
c6a33ff198aaaeeb,0.47,12.54,0.95,100.0
4d44f37107f01b9b,0.0,8.75,1.38,33.33
c32fb8c0f6471a4d,1.8,13.29,0.36,100.0
20205040232ed0f3,0.51,21.33,3.55,100.0
fa315e6c77eee106,1.02,12.19,0.76,100.0
92aafa8f4b26269b,1.21,15.68,7.24,83.33
621a6c59f88a44fe,1.13,2.74,3.22,75.0
75e0d3cc2262b732,1.62,7.3,4.05,0.0
d0d7160824278840,0.83,7.44,4.96,33.33
1a7745388839e52b,0.61,5.47,1.22,100.0
8c8c92a12621d7e0,6.44,10.74,0.0,0.0
a7d687e6ecb30981,0.0,19.2,0.0,0.0
9f842be1a5337be6,0.0,20.57,0.86,100.0
4130a743d9d22163,0.0,12.75,2.6,80.0
83a477a7dba1ca58,3.86,42.49,1.93,0.0
f1f9e48a0d150757,0.52,12.9,0.0,0.0
80779d7441af1b52,5.94,2.37,2.37,100.0
22edaf53ad59a967,0.56,8.34,1.11,100.0
79899ecf62020f6d,1.16,9.06,3.72,87.5
8a8a84b743ae7699,0.44,1.78,0.89,100.0
56bc9ccb609df534,0.0,0.0,0.0,0.0
a66395395b5f1394,0.0,33.0,10.5,100.0
1f9c371c93dfd3a9,0.0,27.0,0.0,0.0
cbd6f1abf955e628,4.68,9.35,3.51,0.0
cb139171ed1b69fe,0.24,12.93,1.44,83.33
68dd7b3783c19f9c,1.03,7.23,1.03,0.0
d403b1a6f278c95e,0.0,4.91,2.46,50.0
934de214814b8ff4,0.0,13.64,1.52,0.0
234f3767ff0e5701,0.56,24.29,1.69,100.0
5df17b3620145578,2.07,8.28,1.03,100.0
2f732dd9210d301f,0.72,5.34,0.87,83.33
97a8f39186f489db,1.0,4.0,2.0,100.0
91186547a7f3f758,0.69,4.5,3.11,88.89
aa1952ec0b3dd8e1,0.68,13.31,3.75,72.73
7691a80e6ca3e55b,0.0,6.88,0.69,100.0
df2bf09c99594848,1.58,26.14,0.79,100.0
008dc37cca279def,0.0,4.93,3.28,0.0
28f62d866c59c709,0.95,3.78,0.95,0.0
054defd5420a551f,1.46,5.84,4.38,33.33
1652f3213655b935,0.36,16.93,1.44,75.0
2adb11835acd815b,0.0,21.82,5.45,0.0
6b5b9be990774f0e,0.0,21.0,0.0,0.0
9b74de674c355425,0.0,19.7,0.82,50.0
c4b81cdecd5d6abe,1.9,6.65,2.85,100.0
e26882820f9e8df5,5.52,8.28,0.0,0.0
aac5ac38148f0528,1.25,10.86,5.01,83.33
349aaa3da11eb587,0.81,11.29,1.88,100.0
dbaaf42313af90fa,2.21,13.25,6.07,81.82
196ed28337adc630,1.71,3.42,1.71,0.0
59583ff832fe9d68,0.99,18.75,0.0,0.0
baed16f18348908e,0.0,17.67,8.16,66.67
93b9496275bbbf80,0.0,25.2,3.6,0.0
eea0274e153256a0,0.0,23.0,0.0,0.0
9f7787e56a6bc0f4,0.0,36.0,0.0,0.0
210935fd21670f6d,0.0,20.4,0.73,100.0
320edfb0332b7073,17.65,0.0,0.0,0.0
eaea0fc7b76525a8,0.0,11.76,5.34,40.0
f34312c2ccfa0e00,0.0,18.96,2.37,100.0
852454c572675334,0.86,10.37,4.32,100.0
cac08b8685387ca5,3.46,6.92,6.92,100.0
86dfed7cc24a9fa7,0.47,7.34,1.18,100.0
029880cdbf5ca089,0.53,6.06,5.01,100.0
6085ceb59087514b,2.59,20.69,2.59,100.0
679a9054e2815943,0.83,14.15,1.67,50.0
3dc3022232b79c7a,0.0,12.57,6.28,50.0
a149d6bc670cdb60,1.53,8.16,1.02,0.0
9b68bf67c5695185,1.5,9.0,1.5,100.0
b9415726dc3ec526,1.0,7.0,0.0,0.0
0aa92558424ced9e,1.52,6.09,1.71,100.0
b45d6b73f4ca4467,0.56,19.46,1.11,50.0
5b407acfe0ef9b76,0.0,23.28,1.33,100.0
a7f4d0902bb64092,2.4,15.19,3.2,25.0
91acd6910b802a9e,0.99,11.65,1.58,100.0
e86bc32f5997a8f7,0.97,20.27,3.38,85.71
a390eb8a9b2df298,0.95,13.65,0.64,25.0
22e47b53e4ceb27c,1.14,12.55,1.14,100.0
497ba5b12a4bfc47,1.22,2.45,1.22,100.0
947eccadb72f4f6f,0.0,13.78,1.38,0.0
a0c139b34f11421a,0.0,9.0,8.0,100.0
85248da6e9e2f7e7,0.0,10.19,0.0,0.0
b9d0fd83bb8a147a,3.11,13.35,0.31,100.0
01f022fa494188e2,4.69,0.0,0.0,0.0
27541033b97c076d,0.0,0.0,6.38,100.0
b7d524c77c27389b,0.88,6.76,1.76,83.33
ab8900ae1f1dfd4c,2.66,5.33,2.66,100.0
52cae54377b433b7,4.19,5.99,1.2,50.0
eb1723480fa2f96c,1.15,10.01,3.46,100.0
dc0f07928009a127,0.62,23.67,3.11,80.0
a08d909a5be6f410,0.63,15.19,0.0,0.0
f59f1d3a2ff13edd,1.73,5.2,0.43,100.0
8b69839f3555a67b,1.54,16.69,1.8,100.0
23725c826c481e7f,0.0,12.1,1.51,100.0
df05aa15b2d66f57,4.39,1.46,1.46,100.0
aae99701b21554e4,0.79,11.04,6.31,12.5
4f2fcbefb668689d,0.0,4.59,6.89,0.0
21b8a0f5c231096f,1.01,2.68,2.35,85.71
9f1641c08cf8fbe2,0.99,3.96,5.94,33.33
3ae10ac4df3df05c,1.12,11.24,5.62,40.0
7e69a4b0961aa555,0.76,9.94,0.76,100.0
fa8b9e6b0c2269f8,0.0,14.72,2.32,33.33
5eedbf1e9601be35,0.0,14.66,1.91,100.0
89b8d1bf1ff09d1d,2.74,5.47,0.0,0.0
1fd4fbdcc67de844,0.93,14.94,3.73,0.0
a6959da32f0e6b5d,1.84,18.37,7.35,100.0
219a254e15d60135,3.04,7.09,1.01,100.0
2db7fa8db6bc9632,0.0,10.49,0.0,0.0
3c241737a6069b9f,0.0,3.21,2.14,50.0
5731cc327790b731,1.42,4.25,7.09,20.0
480b702debcb5433,0.0,18.0,10.5,100.0
20bcc9966affb19c,0.6,2.41,1.2,50.0
c0c36a5b3d5bbdd5,0.0,10.15,5.08,33.33
69b69c0178c4004d,2.12,14.15,0.71,0.0
af5b208e97f5d382,1.69,10.72,0.56,100.0
d74cba8566291bfa,0.0,8.57,8.57,50.0
37b1696e6d115957,2.81,1.41,4.22,100.0
51b0bb73a1da34bc,2.56,12.82,2.56,100.0
9583662df31d943f,1.1,10.29,2.2,66.67
058e4e08a1ad8aba,0.0,8.26,8.26,0.0
2f3f12002564bb55,3.28,14.2,2.18,100.0
75f871836d41f90f,0.88,14.16,3.54,75.0
e0ec3c3b6b611f7e,0.34,22.9,1.01,100.0
0359313549d230a1,4.35,15.22,2.9,100.0
55a7b2d4e54ffac9,0.75,15.0,0.75,100.0
1efa064872f089d0,0.0,4.09,3.07,66.67
58bc81376286b3d3,1.67,3.33,3.33,100.0
a56607a451e4c70d,0.0,30.43,3.48,50.0
a6d8bfe9e0c8153b,1.68,17.66,0.0,0.0
23a16ebe733e3041,5.41,0.0,0.0,0.0
cbf94e4c4af4ff6d,0.0,1.6,0.0,0.0
231926533134ec1f,1.68,7.54,5.03,0.0
68c6cd5287b473a7,2.29,1.15,0.0,0.0
132f860d02953f4c,0.82,7.4,4.11,100.0
7d21de9c6d7c98b2,1.35,7.75,4.38,76.92
d1152823307d7e7c,2.21,0.0,5.52,0.0
a6fd2173d5e2d7f0,1.63,4.89,0.0,0.0
fb1538b46877a695,5.9,14.75,7.38,80.0
04643fd03d9159cc,1.82,3.64,0.0,0.0
7450525c7ba032a0,0.6,15.6,3.6,100.0
04d5718ed2661e8c,0.0,3.88,2.16,60.0
abbc737317f66b81,0.0,30.61,3.06,0.0
05866d8c3a321856,5.16,14.2,0.0,0.0
7f0b4a75ef3039a3,2.5,5.83,1.67,100.0
daf1b84aebd6602b,0.57,21.51,5.66,100.0
cd7bafbeee1f29a0,5.08,25.42,10.17,50.0
725a834930c2b5bf,0.0,11.25,0.0,0.0
de62052b2ede65ba,0.0,2.24,1.12,100.0
2961be02cfb0d2c1,0.0,21.56,16.17,100.0
b2acebbef8da14ea,0.0,7.88,2.25,100.0
2a542ee8a8b83559,1.06,15.51,2.47,42.86
cbe79765d44bd172,0.0,7.31,7.31,0.0
bfc2fc38a0e20211,1.42,8.06,6.64,64.29
f1b2a4365799c48b,3.55,19.53,0.0,0.0
93ce4ac89e3d7652,0.0,27.46,5.08,100.0
0541480fbf719d86,0.98,10.82,2.95,33.33
a8aba6fd8a463043,1.81,11.76,0.0,0.0
d468288756ae3982,2.44,4.89,0.0,0.0
04c15b52c3cc1cab,2.27,7.93,2.27,0.0
6a92caba39b64752,2.14,6.43,1.07,100.0
c8136ab8aa32c974,0.0,3.69,0.92,100.0
40a604761ca7d64d,0.39,23.6,1.18,66.67
d814f5192e58fb2f,0.0,14.89,1.29,50.0
9d4522df6fc49a47,1.85,5.56,0.0,0.0
5be86bb2f78fef2f,3.07,16.11,4.6,83.33
4f95f74620a6b7a4,0.72,5.02,2.87,25.0
6776260cb0aef647,0.0,15.0,12.0,100.0
622f015c81a9b13a,0.92,9.22,2.77,0.0
3410cf010558dc8b,0.0,12.89,4.3,0.0
da97d6c97d09c030,2.52,0.0,0.0,0.0
c3ea8deeba00462b,0.0,20.39,5.1,0.0
aa03a3ca00ac6827,0.91,9.11,7.29,50.0
6ad9058b7c7898b0,2.99,4.99,6.98,100.0
546015aa2ad945fd,2.29,19.49,0.0,0.0
f3388d2cf7ab3f64,1.8,8.98,5.39,0.0
f8dc544e7077d014,3.0,14.98,1.5,100.0
cbfd1d34356a004c,0.0,4.95,1.49,100.0
330ec26453c44a59,0.0,0.0,5.56,0.0
918d9d89d4d52acc,4.42,4.42,0.0,0.0
8d26912cd2aeb366,0.89,9.47,2.37,0.0
b369533a577fa97c,0.0,13.93,0.0,0.0
8f2d9ee27f206f1f,1.2,2.15,1.44,100.0
4123fd4dcc1fe937,0.0,0.0,0.0,0.0
6aa1cbc1466e9a0b,0.0,8.92,2.23,100.0
62918a2118de08b2,0.0,0.0,0.0,0.0
f0abbb6f3444dae7,0.91,11.79,1.81,100.0
c4b9296214f4c09c,0.0,18.07,12.65,85.71
06f0ffa6446c5b6d,0.0,3.26,2.17,50.0
84a067c46306a737,0.68,16.3,3.4,100.0
7d3caf0f96f1b33d,0.0,12.33,0.0,0.0
f5ff7bcdcfeba3ad,0.0,25.18,0.93,100.0
0e041d43a47d2e4b,1.07,6.08,1.79,60.0
394f55ebca199124,0.0,13.31,4.2,50.0
2ee09ec2a0695eb9,0.78,10.14,4.68,33.33
e361e5c858af6ff1,0.0,12.89,7.74,33.33
56b8b24f65f9f057,1.84,3.69,5.53,100.0
d2d37e8eeb3abc8d,1.34,8.72,6.04,44.44
27fc9218a3653e3c,2.89,0.0,0.0,0.0
60884f31ead1609c,0.0,0.0,0.0,0.0
99dd0147dc4ef80c,0.0,2.96,0.0,0.0
63b65af1c5cb02cb,0.0,4.93,0.33,100.0
c24b1db4b809d41b,0.0,14.77,1.23,100.0
32016899d0a222a3,0.0,17.14,0.0,0.0
4e9fb05d7e5e61b8,2.15,19.38,0.0,0.0
b44f39a5c6596953,0.26,18.58,0.52,100.0
c75b99887c8c3f5a,0.0,3.18,3.18,0.0
08ae5cd9aef7ddd3,0.61,3.05,1.83,0.0
12458872d6afae1b,3.3,9.91,1.65,100.0
445a98acb8985970,0.0,14.25,2.37,100.0
d90b630e0561818b,0.92,7.37,1.84,100.0
980b4e712489098e,1.69,13.53,1.69,0.0
952f6fa06f25a0ec,0.0,13.77,2.43,100.0
50cc91ce2982785d,0.65,8.46,0.65,100.0
18aecaf50f52e4c3,1.53,1.53,6.1,100.0
b4bc2e3353a770b5,0.71,19.06,4.94,42.86
9ccdd2ce45903f34,0.0,6.73,1.68,0.0
01b39decaf0abf6a,0.0,23.16,3.09,100.0
253de74457bd6374,2.02,6.07,4.04,0.0
85d905f7c4f5a1af,1.92,5.77,1.92,100.0
44260175069b6276,0.47,33.35,3.76,62.5
5f2f0da6fd6a84fd,0.0,20.15,43.66,100.0
ce783bf73b5131f9,0.78,11.73,4.69,33.33
31ceaf0e670c1578,0.0,4.0,5.0,100.0
6859f67468ba8489,1.13,0.57,5.66,100.0
95eb112a85601a0a,0.0,40.0,0.0,0.0
275cafc9de131c83,2.17,33.23,0.72,100.0
817e0bdf08efce2e,0.63,9.51,0.0,0.0
263ebd4a669e1e98,0.82,4.9,0.82,100.0
afaad7d6a581e307,0.0,2.33,1.17,100.0
d5ed14b2153c6ed2,0.0,12.89,2.58,0.0
7b6e40a73b567072,2.38,11.92,3.58,100.0
cedfdf8d423d500c,0.0,11.26,3.28,85.71
d62bb4d84a7267ba,0.0,0.0,3.0,100.0
ee457ef1e1c326c1,0.0,0.0,3.0,100.0
33e33d51f289d2a1,0.47,11.2,3.27,100.0
1fe7adb23b3eedfb,0.0,20.89,3.21,0.0
4d74641fac830182,0.0,10.5,0.0,0.0
e4bde462b043d3e1,0.0,0.0,3.24,100.0
1c2f2571b18791b6,0.0,13.43,4.8,60.0
efaf544314bb5c2e,1.13,0.0,1.13,100.0
ce6065baef021cf3,0.0,0.0,31.58,100.0
d1e6a6536ee62517,0.0,6.0,0.0,0.0
7a359ef685a304a7,1.47,2.94,0.0,0.0
b63e800c18e011b5,0.0,1.79,0.0,0.0
63eedfcc73071d41,1.75,1.75,0.0,0.0
1c061eb6e29eaa0a,0.0,0.0,0.0,0.0
2620f3eb21c79614,0.0,0.0,4.76,100.0
03688dc3c3af3ac1,0.0,42.86,0.0,0.0
6291ac0a3726732f,1.29,19.96,5.79,88.89
672ef06fd9f41f7d,0.0,0.0,0.0,0.0
c7e9d15cfce52f1d,0.0,17.0,5.0,100.0
fcaae0385b514f11,0.0,24.88,1.04,100.0
4a01dc8376736ef5,32.14,32.14,0.0,0.0
13c4313ed0f744f3,0.0,0.0,1.42,0.0
9f488f520ed25bbf,0.0,8.02,2.67,0.0
80e6d71e14c1d356,0.0,35.64,0.0,0.0
d71d968dc6ecfdaf,0.0,6.04,2.01,0.0
fbbde91f7bc2d3c5,0.0,2.97,0.0,0.0
4c805f5f58a75df0,0.0,16.19,0.0,0.0
b76ed59283d3559c,1.67,8.36,2.51,100.0
b19fc66613dc75b9,0.0,2.93,0.98,0.0
5898357a45a73674,0.0,3.0,3.0,100.0
93892752c5fc23ca,0.0,6.07,1.01,100.0
a54a35a670d8e852,0.0,0.0,0.0,0.0
f341f9551ba744e2,1.83,0.0,0.0,0.0
911fb265462f0d94,0.0,6.54,2.62,0.0
9b5b5a75523728f3,0.0,5.37,5.37,100.0
b361180739bed4b0,0.6,2.79,2.19,9.09
1dab0d1d81dd06db,1.78,5.35,0.0,0.0
946f341df6472ee0,0.78,6.26,0.78,100.0
3e514f437c51ce0a,0.0,3.18,0.0,0.0
0cf935519d439ba6,0.0,9.38,0.0,0.0
53e533db1b8e9712,0.0,0.0,2.44,100.0
13b2f59210dda9cc,0.0,2.34,3.51,0.0
a7b48e18ca27795d,0.0,0.0,0.0,0.0
f348d05403fad037,0.0,3.95,0.0,0.0
df85d6ec3493d120,0.0,0.0,0.0,0.0
baa5358456803df8,0.0,1.03,4.14,100.0
dc950d59dc590aca,0.0,0.0,0.0,0.0
271fe91f4ba9d2c5,0.0,4.31,0.57,100.0
e8efeb9cf33b1941,0.0,0.0,0.0,0.0
e8c170a64dc920ac,0.0,5.0,0.0,0.0
13e62d766b709aa6,1.49,1.49,0.0,0.0
2efbc83a6b9b7f86,0.0,2.46,1.23,100.0
18524b46c570730b,0.0,3.5,2.1,0.0
9fd1f08dd4aec14a,0.0,8.36,5.57,0.0
31c01fbc2586a5eb,0.0,3.26,3.26,0.0
977081bc01197656,0.67,0.67,0.67,0.0
1d147d4163a6989b,0.0,10.34,10.34,0.0
6420efac0578988b,0.0,50.0,0.0,0.0
3da19339ee7051d5,0.0,0.0,0.0,0.0
1c3f5e85b59ec710,0.0,4.21,1.69,0.0
0e9869d712e81f8f,0.0,4.46,2.23,0.0
304fcd812f12c589,0.0,2.22,0.0,0.0
20ec0061400178ca,0.0,0.0,5.7,0.0
07a18ae55dfc3cd9,0.39,3.51,0.78,0.0
c670aa48827d6be6,0.25,0.76,2.03,12.5
1dc56b59cb28425d,0.0,2.07,0.59,100.0
597db668b01c442c,0.0,1.1,1.37,100.0
19ffeb5e3fffd6d5,0.0,4.27,5.69,0.0
de3ed2e152520c8d,2.11,2.11,2.11,100.0
c1684f00c626f4c0,0.0,0.0,0.0,0.0
08a7080ff5904661,0.0,0.0,0.0,0.0
749685d24e2cac50,0.0,1.06,1.59,0.0
3f24c96753dbd9f9,0.0,0.0,0.0,0.0
96d173b7f92aa520,0.0,0.0,0.0,0.0
a6a9ab5a824e8f66,0.0,0.0,0.0,0.0
46c8ec317aff28ac,0.0,12.0,0.0,0.0
dedc3bb440d09554,0.0,15.0,6.0,0.0
429e7d3725852ce9,0.0,1.55,0.31,100.0
ad047e3073a775f3,0.0,2.01,4.02,50.0
bf12aca029bfcc47,0.0,6.98,5.81,20.0
e8fb8e53bc2e29d6,0.0,2.03,2.03,0.0
b60391da771deefe,0.0,2.93,0.0,0.0
32a3025d5db456ae,0.0,21.69,0.0,0.0
a2b06ca02bca14c0,0.0,11.54,0.0,0.0
6ceff86fae4f6b3b,0.0,4.86,1.62,0.0
319fa1bd3176bded,0.0,0.0,0.91,0.0
a6c2f5381d575920,0.0,6.95,3.47,100.0
be9d259be012e8a4,0.0,0.0,0.0,0.0
c3c23c99477c041b,0.0,3.08,0.0,0.0
dd12382f28296f7b,0.0,0.0,0.0,0.0
56116a79e4deed06,0.0,16.96,0.89,100.0
f9081770e28ea2e1,2.3,4.59,4.59,75.0
a3be148af5c7b088,1.46,22.57,0.0,0.0
d33da8a3d82bdb62,0.0,22.28,6.68,0.0
7ee0fd831c0fe7c3,0.0,16.8,0.0,0.0
a67d071163962af8,0.0,12.75,2.25,100.0
5537efc6e496dd84,4.48,0.0,4.48,100.0
64b12fe31be7560c,0.0,52.07,7.44,0.0
88be62d6c1e6dadb,0.0,32.41,2.95,100.0
28d421729451c8ca,1.51,30.1,0.0,0.0
69037fc7730e4225,1.5,7.5,0.0,0.0
07a74004d964c7f4,0.0,0.0,3.51,0.0
095854a135e6db55,0.0,0.0,0.0,0.0
17923f676f100e16,12.86,0.0,0.0,0.0
3e8118c1ab52f211,0.0,3.43,1.14,0.0
239d8e5359022f3b,0.0,16.56,0.0,0.0
22e07d3da1aa3475,0.0,20.72,2.3,100.0
8bd4200561c77a62,0.0,18.2,1.52,50.0
450bcab0968562c4,0.0,4.11,4.11,0.0
53c10176e3bc7416,1.29,12.95,0.0,0.0
bf2c8e01b07d3eb1,0.8,7.99,0.0,0.0
739fd4fbb5d862f4,0.0,45.0,0.0,0.0
9f5e3c20ce40b344,0.0,7.11,0.0,0.0
b2a78df161bd67f9,0.0,9.0,0.0,0.0
15ea371202eb25e1,3.36,11.78,1.68,100.0
ffd3224638c01b57,0.0,26.27,0.75,100.0
64ad3e3b0efa30bb,1.5,25.5,0.0,0.0
a4dc0f2b95df4cc1,0.0,12.36,0.0,0.0
9508cc6184cb2450,5.41,18.92,0.0,0.0
09a4447655fd4b7b,3.73,18.63,0.0,0.0
72f890c5d421e705,0.0,0.0,4.04,0.0
3bc3f60b21cddc6a,0.0,10.34,0.0,0.0
32feae6d9a1e5047,1.79,5.38,0.0,0.0
98a58c26c5b1ed17,1.5,1.5,0.0,0.0
117a06469813e4ef,0.0,13.64,0.0,0.0
7cec3c4a5e7b6d68,9.0,0.0,0.0,0.0
29162be25ebef5f0,7.89,0.0,0.0,0.0
02f484417a6fa69d,0.0,3.0,0.0,0.0
d35298b6df168456,1.0,1.0,0.0,0.0
39d309957c5c210d,23.08,23.08,0.0,0.0
e0c6edcb5b5d0b90,0.0,9.65,0.64,100.0
710f0f8c5d5c9d41,1.85,10.15,0.92,0.0
7d0a1968b38ca439,0.0,5.74,0.0,0.0
32c3ee378671a5d9,0.0,0.0,0.0,0.0
11583163f45c7b31,1.16,17.42,1.16,0.0
7d6ceff6747f2de2,0.0,17.65,0.0,0.0
f41b9f5efc7162d6,0.0,6.75,0.0,0.0
a54660deb6a8489c,0.92,16.65,1.85,50.0
b6c37948cb226e8c,1.55,20.14,0.0,0.0
260bd4cef10b033f,1.07,4.82,1.07,50.0
fc0a4053eb8a3a59,2.31,0.0,0.0,0.0
85497ffd934ecf7e,0.0,5.7,0.0,0.0
0abcf6bc47191219,2.2,6.59,0.0,0.0
9256f591b30c073e,0.0,9.33,0.0,0.0
c5ccd878231c5407,0.0,7.5,0.0,0.0
6967153c7edb4d87,2.02,6.07,0.0,0.0
3be16d817b36098b,0.0,0.0,0.0,0.0
c940b42df95bbd28,19.57,39.13,0.0,0.0
0c25d0a5e8cdbf19,2.07,9.82,1.03,0.0
03dee485905dbc9f,0.0,0.0,0.0,0.0
6d48a2df51749d91,3.91,3.91,3.91,0.0
49edd0d90f60fb7d,1.81,6.34,0.0,0.0
1effd880e1f1bb30,0.0,26.36,5.43,42.86
333b9e5c723ac873,0.38,8.01,0.38,100.0
f264ba50b007f39e,0.0,30.0,0.0,0.0
87f8699fdcc2c404,0.0,8.0,0.0,0.0
e0d3d9b564f95635,0.0,20.45,6.82,0.0
0f3a990526c5e706,0.0,0.0,0.0,0.0
8e6654e9f0461b8f,0.0,72.0,3.0,100.0
1af1170ed937cba7,0.0,2.56,0.0,0.0
3eeec2f53cebdf12,0.0,4.19,4.19,0.0
e803242fb2e41112,0.0,10.98,0.0,0.0
b909a9a9688b5284,15.52,7.76,0.0,0.0
06626b6287e1ae1e,0.0,1.09,0.0,0.0
f2f140ce7532e327,1.84,7.35,0.0,0.0
c739c2995a275314,0.0,25.85,0.0,0.0
d7fe8c6b7d2872e5,3.23,6.45,6.45,0.0
b1f21ce050035d58,0.0,22.57,0.0,0.0
42ac4020cba261ad,0.0,6.0,0.0,0.0
4729c93ba705a3bf,0.0,3.92,3.92,0.0
e94085e821bd81de,0.31,13.81,1.23,100.0
40a456a25d52ee65,2.0,3.0,0.0,0.0
65db4065e2bc107d,0.0,15.99,3.2,0.0
eb70e786bbdf1d16,5.66,0.0,11.32,100.0
a75a48bfe776b2c2,2.79,8.36,0.0,0.0
19f8a2f6eecd92ac,0.0,5.38,3.59,0.0
545092d13c67aa49,0.0,0.0,0.0,0.0
4a6dff1b260bcf61,0.0,24.0,0.0,0.0
a72a2a769fa5a2be,4.26,2.13,0.0,0.0
aebaa8cec15b083d,3.0,0.0,0.0,0.0
31dbfbe4e7a6727c,0.0,30.0,0.0,0.0
65cdf4ec31143d86,1.17,25.81,0.0,0.0
a4a80dd7336ffd59,0.0,10.08,1.83,100.0
34b96d52db1d26e6,1.29,14.24,0.0,0.0
b4c57a8c2b773e82,0.0,21.0,0.0,0.0
e530df53922f413e,5.45,0.0,5.45,0.0
d1053e55f00e53fe,1.56,20.31,1.56,100.0
48812daf291a4e23,0.0,9.2,1.02,100.0
2526be54e6a0e62a,0.0,10.59,2.65,50.0
7a47e068f8017019,2.66,15.98,0.0,0.0
5095b0920a3602aa,0.0,7.0,0.0,0.0
776d4262c4da38bf,5.92,5.92,0.0,0.0
0978385b2bd9ef9b,0.0,15.08,7.54,66.67
ca36633b80be4a78,1.66,6.65,0.0,0.0
1235b31de15d0c6e,1.3,7.83,5.22,100.0
4948e412fa6ab67d,0.0,24.0,0.0,0.0
26e3f3928b1891d9,1.3,3.24,0.0,0.0
82529ce93cd9a2cf,2.28,13.65,3.41,33.33
f3ca6908f78efebe,3.69,7.38,3.69,100.0
b39f7a6c2be17ee8,0.0,8.69,0.0,0.0
f7467152fd9f18a2,0.0,14.65,0.86,100.0
fd7ab338e4953644,3.9,0.0,0.0,0.0
2cfba6c837c03ed0,0.0,0.0,0.0,0.0
2caf993f53541fa1,0.0,0.0,0.0,0.0
a44020ea2e8cd026,0.0,0.0,0.0,0.0
001eb2ab0f30e7ea,3.0,0.0,0.0,0.0
cda1099995b46cc2,5.66,12.45,1.13,100.0
914a897455693650,1.51,15.13,4.54,0.0
2975297f505e9447,0.0,6.06,0.0,0.0
950d0ef5c17157c5,0.0,14.42,0.0,0.0
036e96c1c12b8a59,0.0,21.0,1.5,100.0
5c10da56d712ac9c,0.0,9.0,0.0,0.0
4a043165cf47cab2,0.0,0.0,10.88,0.0
50a28b9f8314e008,0.0,13.35,3.34,0.0
da4628f173337902,0.0,13.64,2.73,0.0
01fed6f61ebea01f,0.0,14.14,2.36,0.0
84512339473dd300,0.0,0.0,0.0,0.0
0c258d1d8e16e5f1,3.45,20.73,1.73,100.0
b15862fcd6ded451,0.0,24.0,0.0,0.0
69888118d968ba52,0.0,7.29,3.64,0.0
568bbad0eaced57c,0.0,24.12,0.96,100.0
684d3aee255a3d09,0.0,8.4,0.0,0.0
87e2468b986ebb79,4.69,0.0,0.0,0.0
a7e3f02fe2b2fe30,3.0,6.0,0.0,0.0
318572f6f74b760d,0.0,16.77,0.0,0.0
f703250471acaf96,11.89,0.0,0.0,0.0
1a08b01fdabb6ae2,0.83,17.44,0.83,100.0
dbac0a413af64bbe,1.07,23.57,2.14,100.0
79cb2a690b9ba5e8,3.9,1.3,0.0,0.0
e92901944ce91909,0.0,9.64,0.0,0.0
c3ded6f7155f9ea4,0.0,10.73,3.3,75.0
2ebfbe72ed703925,1.0,20.0,2.0,100.0
90da09db03e41748,1.05,18.95,0.0,0.0
5f3da9a9610d8969,4.25,12.74,0.0,0.0
cd2e5a390821fb48,0.0,25.57,2.56,0.0
6a8928652fc01bee,8.77,32.14,0.0,0.0
35b3772629e27a49,2.65,13.27,1.33,100.0
0e5c4e72237461bb,0.0,7.5,0.0,0.0
ce175eaafe867d1f,0.0,28.66,11.46,25.0
ef1182eb28c17d4e,5.23,15.7,0.0,0.0
8c39367b53eadf8a,10.88,2.72,5.44,100.0
687c15b2eddfaa63,0.0,2.28,1.14,100.0
78a68f1dade6aaf7,1.48,4.43,1.48,0.0
8cb78f3a6c2a08f7,0.0,27.08,1.59,100.0
6ebe96a116e79e52,0.0,5.0,3.0,100.0
41498c2d1a87b154,0.0,0.0,0.0,0.0
8765559b6a29a421,2.47,24.73,2.47,0.0
49b130de1da2e1bf,0.0,6.42,0.0,0.0
16a64f93f6678b7b,60.0,0.0,0.0,0.0
dc3b9cf7641b7ab6,1.86,7.42,0.0,0.0
f0fad0e9f3b65752,2.33,9.33,6.99,0.0
bbc9ab95fa766493,0.95,5.68,0.0,0.0
c9587d81e1d33925,3.73,11.2,1.87,0.0
304a21d0595e1a08,0.99,4.96,6.94,42.86
e99821959a840bb8,1.16,2.33,3.49,33.33
2c5a0b8317f8f27a,0.0,13.57,2.09,0.0
9cd047a828dd7515,2.24,2.24,0.0,0.0
f6e5972c9d16c40e,7.96,0.0,0.0,0.0
348dff4e03bd18c6,1.5,6.0,1.5,100.0
90e0985df05e51bc,0.0,15.79,7.89,0.0
01784fbc27c68b14,1.25,26.21,4.99,25.0
d21113c9ff3788ae,1.87,20.54,9.34,60.0
f300763147320d12,0.0,4.27,4.27,0.0
6a11e325aa60ad02,1.68,8.4,0.84,0.0
37cc294027f55e4d,0.0,0.0,4.13,0.0
d61316139d68dbe3,0.0,6.0,0.0,0.0
723b64c0e9a8f348,4.59,9.18,9.18,0.0
7279654c7674cd24,2.67,4.45,0.0,0.0
b53c46f613f6f248,0.0,9.0,0.0,0.0
59a27d2e6d0802ac,0.0,0.0,0.0,0.0
88d7b6d8230e1f3f,1.02,3.05,2.03,0.0
e0f959f65d0406b4,3.0,0.0,3.0,100.0
1ddb480b601cefb1,1.04,6.22,1.04,100.0
e7f51d9f9e9259e7,3.08,9.23,0.0,0.0
c487223b0289bda9,2.44,1.22,0.0,0.0
0b31f87be71ebbb1,2.05,2.05,2.05,0.0
c3f6db17cea09ca7,0.0,8.41,0.0,0.0
f97c5433c77522d3,0.0,19.15,4.79,0.0
714e1e0681ddb703,1.69,0.0,0.0,0.0
225def29ecfe0fc1,3.06,9.17,1.53,100.0
72e5e5a6edfa8223,0.0,10.59,4.54,66.67
411539901068522f,0.0,9.0,0.75,100.0
d76ad9a08c4408ff,0.0,14.15,2.36,100.0
7c9c6a884be167fe,0.0,4.5,0.0,0.0
3fa7688bfe48a493,3.61,0.0,0.0,0.0
1641ef250e9de19b,0.0,21.16,4.88,100.0
0d62719b1dcf7c40,1.33,17.24,1.99,66.67
66e98b3bb5fc5250,1.37,15.02,4.1,100.0
bebb4ae55ac2bf6f,1.02,9.14,1.02,0.0
d6ead04919a894b1,0.0,0.0,15.13,0.0
6e0e977beb909837,0.0,18.0,0.0,0.0
25af5e832f17b474,0.0,1.5,0.0,0.0
198994b47f395af0,2.82,0.0,0.0,0.0
78863e4a28204a6b,0.0,8.33,8.33,0.0
34218661c44ed55d,0.0,0.0,6.72,0.0
9b1e3fb4f8cbd5b7,2.73,10.91,0.0,0.0
18e8b7070228e728,0.0,13.81,2.44,66.67
ba5e253af86db1a8,0.0,21.75,0.0,0.0
3dd949593346dbc3,1.57,9.44,0.0,0.0
990bd63726a577f8,6.82,2.27,0.0,0.0
d2036f31c035e0d1,2.24,17.96,0.0,0.0
946db8a378903cc3,0.0,0.0,3.0,100.0
8c020156779f7888,0.0,16.5,1.5,100.0
f75c5ca0d91b9115,4.25,4.25,4.25,0.0
523af801b3429015,0.0,57.0,0.0,0.0
1b38a2b897f6209c,3.0,21.0,3.0,0.0
984d15d5dc7bfcf9,0.0,12.22,4.07,0.0
85ff1b9471d35238,0.0,3.35,0.0,0.0
1999ffb5cebc314f,5.29,5.29,2.65,0.0
8a56ea383fd26e52,0.0,4.74,0.0,0.0
b59037262c8fe060,2.39,14.36,1.2,0.0
e9bc5748e6a76bb6,1.97,5.9,7.86,100.0
5e84a859c6a82288,0.0,17.55,0.0,0.0
d761b3766e38c5db,0.0,9.11,0.0,0.0
9123c54d0a2b72dd,0.0,19.29,4.82,0.0
24174a3f44ce8e03,0.0,0.0,0.0,0.0
78d48d3874dacafd,0.0,0.0,0.0,0.0
66ab58d0b3783607,2.93,9.75,0.0,0.0
37e03538c960bac6,0.0,0.0,0.0,0.0
dd992d569aaebee6,3.2,3.2,6.41,0.0
7195e2a932686f82,0.0,7.03,0.0,0.0
cc81c92fe2254935,0.0,0.0,0.0,0.0
2b6d855c6e280fb1,1.12,11.18,2.24,50.0
443f60bec7c3c3d5,1.62,16.16,1.62,100.0
9eef6584fab21fbb,0.0,0.0,6.0,100.0
3d5b1ce6097dbb49,2.1,10.49,0.0,0.0
7ea1f74cef32f906,0.0,14.02,0.5,100.0
15ec018d144710db,0.0,9.9,3.71,0.0
bf9bc96336922271,1.54,21.58,0.0,0.0
3ec1e4ba98c9c85a,0.0,23.6,3.37,50.0
0ccab7c889ede9ea,1.22,15.85,2.44,100.0
cb52f9490c2dc069,1.45,7.26,0.0,0.0
5823ceab56741617,2.54,43.22,5.08,50.0
c169545ab0825f44,0.77,10.02,1.54,100.0
072a10e85f7d4bff,0.0,2.49,1.25,100.0
cc98d857b148e33a,0.0,29.18,1.54,0.0
0778f94eb5d588a5,4.88,19.53,0.0,0.0
459e4dc69ec669b2,2.34,2.34,0.0,0.0
dd4c16777fb2ccf9,0.0,5.0,0.0,0.0
4665cbf36b08193b,0.0,19.5,0.0,0.0
0c670b443c3d269f,1.53,7.65,1.53,0.0
23a6e307077c6ccc,0.0,7.5,1.5,100.0
175852708cb55776,0.0,9.87,1.97,100.0
5904b0b38dc6718d,1.2,6.0,4.8,50.0
b8c0f30ee9a98b69,0.0,24.57,3.07,50.0
8c822811eedc11ad,2.04,2.04,0.0,0.0
12f1b140e248bdb9,2.44,2.44,6.1,80.0
e4d2564ea0e34e2b,0.0,4.74,1.58,0.0
8270c00fae24c922,0.0,1.5,3.0,100.0
2de91c2244ad7e89,0.0,7.96,4.55,100.0
6ded9184b2284645,0.0,34.52,3.7,33.33
f9ae6914f604aa9f,0.0,6.0,0.0,0.0
bcad7223af3c19da,10.47,10.47,0.0,0.0
938ad489fb7a1f31,0.0,20.0,1.0,100.0
948880beac71f028,0.0,34.62,4.95,0.0
f3a078277b3b8ff4,0.0,13.58,4.94,50.0
57bad6a84230f0c9,0.0,16.34,1.36,0.0
aac6edb0d5e0b7e9,0.0,9.0,6.0,100.0
22061ff217907c78,0.0,30.0,0.0,0.0
6448e57a9533b7e4,0.0,0.0,0.0,0.0
6905d45bd71b50a9,1.97,11.79,5.9,66.67
185fb0200a4605e6,0.0,3.77,1.89,0.0
0d0351c20169a499,0.0,10.05,3.35,0.0
67a992d4cff22466,0.0,12.0,0.0,0.0
fe5ca7ef93c3f6a7,0.0,210.64,0.0,0.0
ab2a4b5e04dc5fe9,0.0,0.0,0.0,0.0
7a39bbac8cc0fa70,0.0,22.5,0.0,0.0
d38e8c6ae2dfc051,0.0,0.0,0.0,0.0
3f56b99447f00607,1.86,7.44,0.0,0.0
523f6ad11dbe9b53,1.5,11.96,0.0,0.0
2525a853486ee670,0.0,9.0,1.5,100.0
e82d5f54daa85a7e,0.0,48.0,6.0,100.0
2ff2e6e5abea3e53,0.0,24.0,0.0,0.0
77350fd0e6d1dba8,0.0,2.07,8.29,0.0
45230be0641f3f53,0.0,15.86,13.88,71.43
0d1c163b206e8c5f,0.0,9.0,3.0,100.0
e4e0f310b3cf23a8,0.0,6.0,0.0,0.0
9b75954db8db2a08,0.0,19.5,0.0,0.0
8ef4a91ac694b7ce,3.88,0.0,0.0,0.0
064b7dc68d786254,0.0,16.94,2.42,0.0
1d36f1ac66cf689d,0.0,19.6,1.51,100.0
3a12a2f096a6d975,0.0,12.95,1.29,100.0
3aa794cbe1e3484b,1.83,12.8,0.0,0.0
a7de976620f2ed13,0.0,10.3,8.24,50.0
993d385f5a475375,2.51,15.08,0.0,0.0
a4dc47001f202bcd,3.98,7.96,0.0,0.0
1d4bbaabd8b60173,2.49,1.24,2.49,50.0
a9bcf8717dd12532,0.0,14.36,0.0,0.0
129537073431e52e,1.08,19.42,1.08,100.0
b57edace7b647f07,0.0,4.69,3.52,100.0
bad8be5827ea1bf1,0.0,0.0,4.21,0.0
e9e7e1c8ff289e1b,0.0,0.0,150.0,0.0
c4731f43693b96b8,0.0,9.0,0.0,0.0
c10eb2f12c489f6d,0.0,4.5,7.5,100.0
e7fe5315b1efeb92,0.0,8.26,2.06,0.0
276c60b14b571dd4,6.92,0.0,0.0,0.0
36207c58e854cae5,0.0,21.29,5.81,0.0
d3c554d6e11fc9d6,0.0,9.0,3.0,100.0
c06d554ce1713fd3,0.0,7.5,1.5,100.0
e5ca2bc2451a5956,0.0,18.0,6.0,100.0
2c6e81426dd7573c,0.0,11.66,0.0,0.0
564c2f5f9eb45d67,0.0,21.13,4.23,0.0
87f3bbf52e6c9dc9,0.0,21.0,9.0,100.0
d6d5da3c209884bc,0.0,3.0,0.0,0.0
b7ad576b8ae115e6,0.0,21.33,1.33,0.0
5431dccc09118234,0.0,9.75,0.0,0.0
36fbaa49a09ff997,2.59,20.69,5.17,50.0
10657c60ce349e0f,0.0,7.73,15.45,0.0
db5dc7cb80d7d418,12.24,0.0,0.0,0.0
0876d21328cf4a45,0.0,21.0,0.0,0.0
16af2d5a6f28bee2,1.86,9.28,0.0,0.0
92b36014314b028b,0.0,6.0,9.0,100.0
8f3df4c579cfbb69,1.31,15.71,5.89,100.0
1e327b281ef6a745,0.0,5.62,0.0,0.0
eee7dafac7d672b5,2.02,6.07,2.02,0.0
a6bbd3df469c6bea,0.0,12.0,0.0,0.0
837d30395faca41e,0.0,12.03,0.0,0.0
48e96d9cea6d4ab0,0.0,12.0,4.5,100.0
49e49b54e5901d0d,0.0,6.43,6.43,0.0
03c9994c5b8958ec,0.0,12.33,1.23,0.0
a1b0715c4fd2dbd3,11.69,0.0,3.9,0.0
27d65e9d0fba61ea,0.0,15.0,0.0,0.0
54ed8dc6f8c31207,0.0,0.0,15.98,0.0
16bf6a73bdd302cd,0.0,6.0,3.0,100.0
ddbe4fa2ea573393,4.46,0.0,0.0,0.0
57bf89d42364d39e,21.69,32.53,10.84,100.0
01d2ed8c502e3828,0.0,9.0,0.0,0.0
e6c5908910cc26e4,0.0,11.91,2.98,66.67
64959f90b6dd9759,0.0,13.21,3.77,0.0
8e5bfd4e82352340,0.74,8.11,2.21,33.33
b27b8881d7444114,0.0,4.71,4.71,0.0
98ec9f385cca47fc,0.0,19.74,5.92,0.0
d34636a85f0f4c90,0.0,0.0,0.0,0.0
1e35aa8955794580,1.71,1.71,0.0,0.0
5bb0a618ad03ac64,5.37,8.95,1.79,100.0
ecdf14f4f8643d39,3.45,0.0,0.0,0.0
85980f5da429c0a6,4.09,8.18,0.0,0.0
8b260672a21d1fd6,3.33,46.67,3.33,0.0
7cf20446453f852b,0.0,4.5,0.0,0.0
e983c62faf677ab2,0.0,6.87,6.87,100.0
c0eecd851dbf3146,0.0,27.8,3.47,0.0
5a6e4d2f0c76a242,3.03,0.0,0.0,0.0
0bcfe2513cb3bc39,0.0,10.5,0.0,0.0
fdf18227faa596dd,3.07,12.29,6.14,0.0
10559c53de0b950e,1.93,13.49,1.93,0.0
0871254cd790c250,0.0,10.27,5.13,0.0
2b4faacc16d66898,0.0,9.84,0.0,0.0
4f853e98886283cf,0.0,20.03,1.43,100.0
afc2a7ce0c763bd5,0.0,32.47,13.92,83.33
b0f316c60f8d3b47,2.8,30.75,5.59,0.0
7bc475b0fc2020ab,3.0,9.0,0.0,0.0
db6d5f691aea3fd3,0.0,0.0,0.0,0.0
4f736494fc733095,0.0,20.65,0.0,0.0
7a613f78dd7ee8f8,0.0,0.0,0.0,0.0
e4aaaa34535e32b6,0.0,14.02,5.61,0.0
de12bd65e2f46478,2.27,2.27,2.27,0.0
b35a159f525764eb,0.0,0.0,3.7,0.0
1d1b85389a05df69,0.0,15.0,0.0,0.0
cc84b68f862b466f,0.0,12.0,0.0,0.0
ee624ee2a18f2a43,0.0,24.0,4.5,100.0
53f84637dfffab7a,0.0,15.63,4.47,0.0
0577808d22dfe79c,1.8,19.84,0.0,0.0
668222c99c5c311d,0.0,0.0,0.0,0.0
c7011de4765d2497,0.0,3.0,0.0,0.0
e503aa5c252a1b4d,0.0,12.39,4.13,0.0
1cecc8fe6748a532,0.0,3.0,0.0,0.0
8cb76103cd8a1562,0.0,4.12,0.0,0.0
e2b8186b618b00c4,0.0,4.04,1.01,100.0
81b8b3fb019dc69d,7.73,11.59,0.0,0.0
744e098e065cfdbe,10.67,3.56,7.11,100.0
6224e8d0a34264eb,3.01,3.01,3.01,0.0
e6147d5ab3685899,0.0,13.7,9.78,80.0
02500fb9fd79a974,0.0,10.47,15.7,33.33
d25b93992f285953,5.08,2.54,5.08,0.0
2721bb808bb2523c,1.25,7.52,3.76,66.67
be5cfd73617a5b1a,0.0,9.0,3.0,100.0
8a0be41c0380188d,10.0,0.0,0.0,0.0
d7b2c0b53883ee80,2.33,2.33,0.0,0.0
f1f37d667bcd0d27,0.0,24.0,0.0,0.0
dc5a6b2fdb27e7dc,0.0,27.49,3.67,0.0
3414b50b08a10600,0.0,6.0,6.0,100.0
9c669abd35b2522f,0.0,13.17,4.39,33.33
9ddfb3369a3b0394,0.0,0.0,0.0,0.0
ccba80d4820ef557,9.51,22.18,3.17,0.0
d58478ded5534695,0.0,21.0,0.0,0.0
771b60ff889661c8,0.0,12.0,6.0,100.0
28ba5f27e473420c,0.0,12.86,0.0,0.0
338a11d3674eb2d4,0.0,7.32,14.63,0.0
8e893f269d5696b2,6.0,0.0,0.0,0.0
d29b5c4f22c6357d,1.68,13.46,3.36,100.0
c11f50e9c1513ce9,0.0,15.38,6.15,0.0
2a8502954f49e682,0.0,8.74,52.43,0.0
60c72f7459827881,0.0,24.0,1.5,100.0
d10b35152277cf98,0.0,4.52,9.05,0.0
010986ee359fb863,0.0,5.64,3.76,0.0
0b5b6876c2a4723f,0.0,15.11,5.04,66.67
4c8d6fde2dde07c4,2.36,3.54,1.18,0.0
013da757877044a2,0.0,17.44,1.74,0.0
1f77fce698e80488,0.0,15.0,0.0,0.0
cce79e827569f26e,0.0,9.0,0.0,0.0
a780d16cf7eed44d,2.45,4.89,7.34,0.0
052ceb8976695342,3.09,3.09,9.28,0.0
aae0897825336b1a,6.43,3.21,0.0,0.0
1cf1310684a841f5,2.36,3.54,0.0,0.0
53bb0d40905b87c0,0.0,19.5,6.0,100.0
e4a9dbade7c7e1a7,0.0,0.0,0.0,0.0
8fa2b06572365321,90.0,0.0,0.0,0.0
5a558ba1ff5e9121,0.0,9.0,9.0,100.0
e78f601035d677f2,0.0,3.0,0.0,0.0
38b50fd1e1b5b656,0.0,11.58,1.65,0.0
fd87b1bbfcde9d5e,0.0,8.29,0.0,0.0
edd8d5d8089a35f8,0.0,4.09,4.09,0.0
3bbcd63a016d9715,0.0,0.0,3.15,0.0
59aaf2730b84698a,0.0,14.88,7.44,0.0
049d698d773eb3e1,0.0,33.0,1.5,100.0
d632d156c0549e07,3.0,24.0,0.0,0.0
d35c3ed553b71fa2,4.48,0.0,8.96,0.0
9ca265dfe8323db3,9.0,9.0,0.0,0.0
ec33146e43e58933,5.34,16.02,2.67,100.0
aa79d5399571068e,3.56,0.0,3.56,0.0
5669b828e7e11329,0.0,4.59,4.59,0.0
cc300e9aa3063431,1.81,9.05,0.0,0.0
a421465acbe59c77,0.0,14.47,20.26,0.0
a8d521d913df4e31,0.0,4.19,0.0,0.0
83d0de122f2f9664,12.86,0.0,0.0,0.0
b05086131c6f5dc5,0.0,48.0,24.0,0.0
eae4aec1a5a8ff01,0.0,22.83,0.0,0.0
3795fca327cbcf23,0.0,2.51,2.51,100.0
8fd1f27e86661ede,4.76,4.76,9.52,100.0
b23fca14c7b79935,0.0,7.38,0.0,0.0
b51841e7c594090d,0.0,0.0,13.95,100.0
46e2ca71fd5089cb,0.0,10.25,0.0,0.0
dd8aec6de7035943,2.0,3.99,0.0,0.0
5114f1b5ad4cdf72,0.0,0.0,4.35,0.0
d1dcd4e96464a53d,0.0,10.34,20.69,0.0
b18fb36a4aa00093,6.52,26.09,19.57,0.0
3138fab619faf4d1,90.0,90.0,0.0,0.0
36a432f22144843e,0.0,14.29,28.57,0.0
91d73ee59347ac16,2.27,22.67,11.34,100.0
3ba3b5cc94498437,0.0,11.13,5.57,0.0
6b7bc7eaf2465387,0.0,19.78,0.0,0.0
80c0bed43da0e27b,0.0,27.14,22.61,0.0
1208ffc5be6e31ad,0.0,14.92,12.43,0.0
7649c4c95b824488,14.75,0.0,0.0,0.0
b732b326c362fb62,4.39,8.78,21.95,0.0
6803d4d6908354ac,8.88,2.96,2.96,100.0
a0b91014e9d16a76,7.89,0.0,0.0,0.0
f74e037b97917027,24.16,0.0,0.0,0.0
288aaa8f82040e02,0.0,18.0,6.0,100.0
42078a86d3dd037b,0.0,5.88,14.71,0.0
b034747dc1d15491,1.5,4.5,1.5,100.0
ad3041e61896b975,9.0,27.0,0.0,0.0
35dc6220b113b7ec,56.25,0.0,56.25,0.0
c9bbf1a0285a8076,0.0,21.13,8.45,0.0
1411c630ba711b64,5.23,10.47,5.23,0.0
88c8f47241d90040,0.0,16.93,0.0,0.0
25433871e4eee0f4,0.0,8.0,0.0,0.0
c6d8ae3b016d5ad5,19.57,0.0,0.0,0.0
1a1a4d7a29041d77,18.37,36.73,0.0,0.0
863d06a7ef8bc98c,0.0,0.0,0.0,0.0
45bc8f98d62bd096,2.7,27.03,0.0,0.0
d3de4a24f7eefac8,0.0,40.59,0.0,0.0
c4b6099f0d25f75e,0.0,14.88,0.0,0.0
3c48019bc387b80c,0.0,0.0,9.38,0.0
f12f979b657ab876,0.0,0.0,12.0,100.0
318e629d1eb7aa49,3.46,6.92,0.0,0.0
5f6038bcdb95e3e4,0.0,0.0,15.96,0.0
ee4b670e159f4a33,0.0,39.13,39.13,0.0
2f1700b3a4a09bc7,0.0,9.57,3.19,0.0
68d76fd9ecf7431d,0.0,6.33,0.0,0.0
b2f743746e8dcfa2,1.92,13.43,3.84,0.0
ac70a4f1db1b8c40,0.0,4.52,9.05,0.0
4f4dac51adc1af4f,0.0,3.0,1.0,100.0
afdb76fbd86f6d11,12.68,0.0,0.0,0.0
5330fe7e4c3af81c,0.0,11.74,3.91,0.0
2b06b6ad5db63348,0.0,27.91,41.86,0.0
476414d2f18cd059,12.86,0.0,0.0,0.0
aebfb84d1f6d2d8c,0.0,0.0,3.44,0.0
15edcf67ccf5be84,0.0,13.95,0.0,0.0
91720876db0ee468,0.0,7.86,27.51,0.0
d1759b2b7be9be56,1.97,1.97,0.0,0.0
710d93f1508f7104,0.0,0.0,5.29,0.0
d8022d5526b1d937,2.88,34.5,0.0,0.0
7c0847d3854a95f2,7.56,0.0,7.56,0.0
b14a68c533f4a4aa,0.0,2.47,9.89,0.0
e091482fa6648261,0.0,0.0,2.37,50.0
8caca5857ce0e30b,4.0,8.0,12.0,0.0
663b76da637402c3,0.0,0.0,0.0,0.0
4908c5ee68a50ee5,4.41,1.1,1.1,0.0
6ef58dabef8beb15,3.76,8.76,5.01,100.0
b5ea750025697880,0.0,3.75,0.0,0.0
388abbf8832b5adf,0.0,36.0,3.0,100.0
43612456979e5d5e,0.0,0.0,6.0,100.0
e670f8cc2969a789,4.62,0.0,0.0,0.0
821cd80aab70d5f9,0.0,39.0,0.0,0.0
0597a4528ebd1307,0.0,6.47,4.32,50.0
7215953cd5c6254d,0.0,2.67,5.34,0.0
75bbd2206a15319f,3.11,0.0,1.56,0.0
ea3ef6206c7907d5,4.46,1.49,2.98,50.0
ad32471f01e7b1a5,0.0,60.0,9.23,0.0
1ea8df62b3f8fea6,0.0,12.77,6.38,0.0
bf41b5131545da12,0.0,14.23,10.67,0.0
1209b5134401ca53,52.94,0.0,0.0,0.0
15df64c02b6b0fde,0.0,17.02,3.78,50.0
a85998eb79650b2c,0.0,9.16,4.58,0.0
83c6c3e0f8bde8ee,0.0,5.92,17.76,0.0
af49a6c491ca22a3,0.0,14.94,11.2,0.0
8c3f3c43c8ceb778,2.75,8.26,5.5,0.0
712c4db78b9373d1,0.0,172.34,19.15,0.0
d26934530dc5b248,0.0,6.75,2.25,100.0
155bfc7ed36622df,3.53,3.53,0.0,0.0
e5c38954c006f15c,0.0,51.0,6.0,100.0
5b5b9c6f6f270369,0.0,51.92,0.0,0.0
2067a177a2842fbf,14.02,19.63,0.0,0.0
2549d63da9c456cb,9.28,0.0,0.0,0.0
0bc7e61d204f2137,11.95,19.91,0.0,0.0
7342fcc41a4817fa,0.0,7.63,2.54,0.0
6888e31ce88f5b17,0.0,0.0,6.98,0.0
21321cdfba797c52,5.17,0.0,0.0,0.0
49efbdc6c9f650c4,0.0,52.94,15.13,100.0
22d1e00e1aabb7c9,0.0,0.0,0.0,0.0
6d7886b094b471ac,0.0,7.09,10.63,100.0
782a2a17d3e38fdf,0.0,29.03,14.52,0.0
453ee00c3e1ae9dd,90.0,0.0,0.0,0.0
02e52b3a595f0786,3.47,15.61,5.2,66.67
94609dd91731d428,0.0,21.6,14.4,0.0
ce47f49e5c386a9c,0.0,194.59,48.65,0.0
030f08370fd1c2bb,4.33,0.0,0.0,0.0
e4770d5ed44a3970,0.0,46.55,7.76,100.0
ae58685caf8e4a0d,0.0,6.52,6.52,0.0
7f9f528cb72a6ed1,0.0,19.71,6.57,0.0
01daf32100ed7517,2.34,0.0,0.0,0.0
b6b12014698cc345,0.0,12.0,0.0,0.0
aee8eecfc4bfb1e7,3.0,3.0,0.0,0.0
f0264252e191da22,0.0,9.47,0.0,0.0
265589bdd93e7ce5,0.0,0.0,0.0,0.0
ff2c606c8bc365e3,0.0,0.0,0.0,0.0
29f935654825331b,0.0,6.9,0.0,0.0
fdfef29ba17ee525,45.0,0.0,0.0,0.0
b9e871af730f826c,11.69,11.69,23.38,0.0
cb6783c39c01d896,1.55,20.17,4.66,0.0
e0f7c4f3f67bc808,2.45,11.02,8.57,100.0
a9a314cc77d90b6e,0.0,12.86,0.0,0.0
e09dbbd5fe3f0fe2,0.0,14.79,4.93,0.0
ebc5af72ad5a28cb,6.72,0.0,0.0,0.0
0e31bfd26cc8c503,0.0,8.61,4.31,0.0
7b9aa973e5c04624,3.0,0.0,9.0,100.0
04f9fe830cf13482,5.45,5.45,0.0,0.0
8dc46e9a7895ce1a,2.06,0.0,0.0,0.0
73ef22f25d0f70e2,0.0,6.0,0.0,0.0
e741536153227386,0.0,0.0,0.0,0.0
22ee260735da0d58,3.0,33.0,27.0,100.0
918db42c3637916f,0.0,27.55,27.55,0.0
5bd533d50c8e7b8a,0.0,15.0,0.0,0.0
4b4fc3ddc307bc73,0.0,66.0,0.0,0.0
5d7c18191b8aa432,0.0,0.0,6.21,0.0
21b1132949f2a9b0,5.08,15.25,0.0,0.0
1975c2272ba40e71,3.0,0.0,0.0,0.0
94070f6544c4b2a5,4.21,0.0,4.21,100.0
9a967e8e43dcef63,0.0,0.0,0.0,0.0
ed73c85164a5f5a4,0.0,0.0,0.0,0.0
7aa88401f93ce836,0.0,3.76,0.0,0.0
85e26e2468b4e82f,0.0,54.7,0.0,0.0
1a225f04aa6e0739,0.0,15.17,15.17,0.0
a8fa0c4e95512806,0.0,18.0,9.0,0.0
4604ab1de9058474,4.35,0.0,0.0,0.0
e56df3c1d8b4b1cc,0.0,0.0,65.45,0.0
6bb1d2b714d4b3bc,0.0,6.06,0.0,0.0
e06fd1260ac865a7,0.0,18.51,2.31,0.0
4f74c8be51db8a37,0.0,1.24,0.0,0.0
cf1a88371c8cb690,0.0,16.36,32.73,0.0
26eddcda9d6b2ffe,0.0,0.0,27.69,0.0
df5a77121ba84a5d,0.0,12.0,9.0,100.0
979f7edbb6980b0d,0.0,6.0,0.0,0.0
d2b1c1317a39f6c6,0.0,15.0,3.0,100.0
44aa652b181bcf68,0.0,9.85,0.0,0.0
040426baba8a45e8,0.0,6.77,0.0,0.0
c2a7623f398d9bd7,1.5,4.5,0.0,0.0
1562b12763cc8d67,0.0,0.0,0.0,0.0
e7ec11096eac0282,0.0,18.0,0.0,0.0
6ece1d2ab1bed31d,7.73,3.86,0.0,0.0
0f6528b461e47462,0.0,0.0,0.0,0.0
9bad58fa651d6196,4.19,16.74,4.19,100.0
09c44b317c98bf96,0.0,16.77,11.18,100.0
c61f66d8c3fd5f07,5.2,0.0,0.0,0.0
41e77dc504a192c6,0.0,32.14,0.0,0.0
775bad6d700d2302,0.0,21.69,0.0,0.0
1ffc38f67785797b,0.0,69.23,0.0,0.0
5ca158b1cc9cb242,0.0,3.69,7.38,0.0
1e38bba6738b7b10,0.0,3.0,3.0,100.0
7b6ce3a9460565b5,0.0,18.83,1.88,100.0
6014d25e73b669c9,4.69,4.69,0.0,0.0
d56caaa5e123f518,4.69,0.0,0.0,0.0
c8cca8f3de5be4b4,0.0,15.0,0.0,0.0
a24e080000fa7a35,0.0,1.89,7.55,0.0
108afe61a26bcbf4,0.0,40.91,0.0,0.0
20bd6c3e03c46ee6,2.5,0.0,5.0,100.0
44f9c777fed7ca03,0.0,4.37,0.0,0.0
56f4b81ec4db61af,0.0,0.0,0.0,0.0
c058823a2595ab09,0.0,1.5,0.0,0.0
601cf40c09090853,0.0,0.0,0.0,0.0
bba678d312590087,0.0,0.0,0.0,0.0
f70144caea5c4c80,0.0,1.54,1.54,100.0
ab35634d1a8c7a11,0.0,0.0,6.92,0.0
669a3cb6e394f515,5.14,0.0,10.29,50.0
f717b6002486f73f,0.0,5.37,5.37,0.0
bad28b7b34f334de,0.0,16.07,16.07,0.0
738acab0c6934dd8,0.0,10.0,10.0,0.0
184b955181bdef52,0.0,29.03,0.0,0.0
7269329bd87eb479,0.0,1.92,0.0,0.0
21f2974fd08085e3,0.0,0.0,0.0,0.0
baf942f4bcb09894,0.0,8.85,0.0,0.0
4679a38cced7c64a,0.0,15.0,0.0,0.0
8788beb528894f33,0.0,9.89,9.89,0.0
3fed746acfd026dd,0.0,10.34,0.0,0.0
1f5f75658551f2d3,0.0,3.53,0.0,0.0
706404da0775dcbc,0.0,0.0,0.0,0.0
c96518b7f6881004,0.0,17.31,51.92,0.0
74fefd43f073cd2f,0.0,1.36,1.36,0.0
e62b36885ecdac27,5.0,5.0,5.0,100.0
4dc496aa0cfc0d95,0.0,5.0,0.0,0.0
31652c9267606d54,3.91,0.0,7.83,0.0
7ca4c3f8aa8bacae,0.0,0.0,0.0,0.0
c6e6926a81adcd00,0.0,6.67,0.0,0.0
df2cf66d8c0123db,0.0,2.5,0.0,0.0
6cbb7661c3258617,0.0,3.22,1.61,0.0
91181b29be041f1c,52.94,0.0,0.0,0.0
a220be6d41d6f97d,0.0,15.0,0.0,0.0
312f47c3d2f83ffa,0.0,4.04,0.0,0.0
1a49e0670dfaca31,0.0,3.73,1.87,100.0
577ec7e108b94be3,0.0,10.71,10.71,0.0
4985113c0928aa62,0.0,0.0,0.0,0.0
da6dfd09cca1d705,0.0,5.0,0.0,0.0
abbc4fc02e0d84b3,0.0,0.0,0.0,0.0
31bbd46d57dfbcb7,0.0,0.0,0.0,0.0
0ec821423baa26bd,0.0,12.41,6.21,100.0
0db70ca89e1c7374,0.0,5.04,2.52,100.0
8377c5572cb356f3,0.0,1.0,0.0,0.0
c6da1c24fe473418,0.0,20.0,40.0,0.0
d41937647eae9a34,0.0,32.14,0.0,0.0
b3bbe88fecd6a0d2,0.0,0.0,0.0,0.0
440c9dbab63528fb,0.0,69.23,0.0,0.0
ea398c802d9998ee,112.5,0.0,0.0,0.0
f62850b3c7480db9,0.0,0.0,0.0,0.0
02fc8f50f56eb307,0.0,0.0,0.0,0.0
2a6f8136da1e52c0,0.0,0.0,0.0,0.0
d3711d3784b76255,0.0,4.64,0.0,0.0
8738eacd62e82a32,0.0,2.71,0.0,0.0
46f11d15c0134fe3,0.0,4.76,9.52,0.0
6a0b80a24f22e152,0.0,4.86,4.86,0.0
30cd319d39ee689b,0.0,13.85,0.0,0.0
5af480a3b2e1726b,0.0,0.0,58.06,0.0
d3b5ad3b15a64a18,0.0,0.0,0.0,0.0
02d276b7d62b3472,13.24,26.47,13.24,0.0
c933d423ebdbbbdb,90.0,0.0,0.0,0.0
3e03cec9767d37e6,0.0,0.0,0.0,0.0
237187ed9f419285,0.0,0.0,0.0,0.0
81ca2c245b19b3c5,0.0,9.41,3.14,0.0
adea9f0090aa8e14,0.0,6.77,0.0,0.0
23ab42947c1990e3,0.0,3.93,3.93,0.0
83b743fedde154fb,0.0,0.0,5.49,0.0
598a58db87b890ee,0.0,0.0,0.0,0.0
ee5df903f80c6816,0.0,0.0,0.0,0.0
2b1587a3376ab743,0.0,6.29,6.29,0.0
e780ccc79a209985,7.38,0.0,0.0,0.0
2a7afe14b3a0a058,0.0,42.86,0.0,0.0
9199e0735b83dd32,0.0,0.0,0.0,0.0
2e04a3b4a2011b97,19.57,19.57,0.0,0.0
2299605af59fd309,7.56,0.0,0.0,0.0
7d5b12de1625984e,0.0,2.24,11.22,0.0
8d5daf67983b65ba,4.81,0.0,4.81,0.0
4565d435005319c0,0.0,2.92,5.84,0.0
6e02c318762f52f1,0.0,1.52,1.52,0.0
96087e90d900f0ef,0.0,0.0,0.0,0.0
49590e0508b2c19f,0.0,1.23,0.0,0.0
ea0ad155451ed1f5,0.0,15.52,15.52,0.0
a683f9ddb70aa4bd,0.0,45.0,45.0,0.0
505934897b8b4824,0.0,3.08,9.25,0.0
efd2b3e9bb7965a4,3.52,0.0,3.52,0.0
01c9e4013afce141,0.0,0.0,0.0,0.0
