id,name,nick_name,wins,losses,draws,height,weight,reach,stance,dob,splm,str_acc,sapm,str_def,td_avg,td_acc,td_def,sub_avg,kd_received_avg,td_attempts_received_avg,sub_att_received_avg,sub_def,total_fights,total_fight_time_sec,finish_rate,ctrl_avg,leg_landed_avg,body_landed_avg,kd,strikes_attempted,sub_att,career_td_acc,ko_tko_wins,sub_wins,ko_loss_rate,never_submitted,five_round_fights,five_round_wins,five_round_win_rate,five_round_decision_rate,ground_finish_rate,ground_landed_per_tko,sig_str_landed_per_sec,splm_std
d802174b0c0c1f4e,Magomed Ankalaev,,21,1,1,190.5,92.99,190.5,Orthodox,"Jun 02, 1992",3.66,52,2.46,57,0.8,22,87,0.0,0.26,6.25,0.26,0.0,15.0,3458.0,40.0,806.82,30.45,48.41,7.0,1299.0,0.0,22.73,6.0,0.0,0.0,0.0,3.0,3.0,100.0,66.67,83.33,8.0,0.1984,20.45
4bdedbdeedff7d1d,Bolaji Oki,The Zulu Warrior,10,2,0,177.8,70.31,185.42,Orthodox,"Nov 15, 1995",7.05,45,4.76,62,1.24,75,85,0.0,0.0,7.74,1.11,0.0,3.0,814.0,0.0,199.02,13.27,48.65,0.0,505.0,0.0,75.0,0.0,0.0,0.0,0.0,0.0,0.0,0.0,0.0,0.0,0.0,0.2752,8.32
7facc9c45d792985,Kaan Ofli,Genghis,12,4,1,170.18,65.77,167.64,Orthodox,"Jun 19, 1993",2.0,45,2.93,60,0.0,0,0,0.0,2.31,4.62,0.0,0.0,2.0,390.0,0.0,710.77,25.38,39.23,0.0,94.0,0.0,0.0,0.0,0.0,50.0,1.0,0.0,0.0,0.0,0.0,0.0,0.0,0.1103,0.9
24656ef4d605c96f,Aiemann Zahabi,,13,2,0,172.72,61.23,172.72,Orthodox,"Nov 19, 1987",4.42,46,4.13,69,0.14,14,83,0.0,0.83,12.87,0.0,0.0,9.0,2167.0,22.22,138.72,19.94,29.49,3.0,1002.0,0.0,14.29,2.0,0.0,11.11,1.0,0.0,0.0,0.0,0.0,100.0,2.0,0.2164,7.32
285ae0b4a68221f4,JunYong Park,The Iron Turtle,19,6,0,177.8,83.91,185.42,Orthodox,"Feb 27, 1991",4.59,50,3.59,53,1.87,42,57,0.9,0.0,16.16,0.27,0.0,12.0,3286.0,25.0,779.76,18.9,14.52,1.0,1307.0,9.0,42.86,0.0,3.0,8.33,0.0,0.0,0.0,0.0,0.0,0.0,0.0,0.2021,6.08
f1d64ae34e088832,Charles Jourdain,Air,16,8,1,175.26,61.23,175.26,Switch,"Nov 27, 1995",5.43,48,4.27,56,0.34,21,47,0.6,0.96,12.66,1.19,80.0,15.0,3768.0,33.33,316.0,43.47,64.01,6.0,1975.0,7.0,21.05,2.0,3.0,6.67,0.0,0.0,0.0,0.0,0.0,100.0,13.5,0.2564,7.81
9014c02eff8b3d62,Carlos Ulberg,Black Jag,13,1,0,193.04,92.99,195.58,Orthodox,"Nov 07, 1990",6.77,55,4.21,51,0.58,60,85,0.2,0.49,3.45,0.0,0.0,9.0,1828.0,55.56,102.41,57.6,42.83,5.0,928.0,1.0,60.0,4.0,1.0,11.11,1.0,0.0,0.0,0.0,0.0,100.0,3.75,0.2817,12.39
70dd69b6a703257e,Daniil Donchenko,,12,2,0,,77.11,,Orthodox,"Aug 04, 2001",0.0,0,0.0,0,0.0,0,0,0.0,,,,,,,,,,,,,,,,,,,,,,,,,,
23dec7c47cb418f8,Zachary Reese,Savage,9,2,0,193.04,83.91,195.58,Switch,"Mar 24, 1994",4.28,54,2.99,43,2.88,58,57,1.2,0.0,17.74,0.99,100.0,5.0,913.0,20.0,432.75,22.67,40.42,1.0,275.0,2.0,58.33,1.0,0.0,40.0,1.0,0.0,0.0,0.0,0.0,100.0,4.0,0.1621,6.05
b07aed698fba8624,Ikram Aliskerov,,16,2,0,182.88,83.91,193.04,Southpaw,"Dec 07, 1992",7.76,62,5.78,41,1.14,33,100,1.1,1.36,1.36,0.0,0.0,4.0,660.0,75.0,46.36,13.64,31.36,3.0,152.0,0.0,0.0,3.0,0.0,25.0,1.0,0.0,0.0,0.0,0.0,33.33,6.0,0.1439,3.46
6b453bc35a823c3f,Jack Della Maddalena,,18,2,0,180.34,77.11,185.42,Switch,"Sep 10, 1996",6.84,52,4.53,64,0.16,11,69,0.2,0.0,22.61,0.5,100.0,8.0,1791.0,62.5,94.47,25.63,70.85,6.0,1000.0,1.0,16.67,4.0,1.0,0.0,1.0,1.0,1.0,100.0,100.0,100.0,6.75,0.3021,8.86
40a456a25d52ee65,Rolando Bedoya,The Machine,14,4,0,180.34,70.31,187.96,Orthodox,"Jan 13, 1997",7.29,49,6.38,52,0.0,0,33,0.0,2.0,3.0,0.0,0.0,3.0,900.0,0.0,111.0,108.0,52.0,0.0,666.0,0.0,0.0,0.0,0.0,0.0,1.0,0.0,0.0,0.0,0.0,0.0,0.0,0.3644,6.71
528b071cf3da7c56,Luana Carolina,Dread,11,4,0,167.64,61.23,175.26,Orthodox,"Jun 11, 1993",4.81,50,3.54,50,0.34,37,74,0.6,0.39,16.49,2.36,83.33,9.0,2292.0,11.11,519.11,34.55,69.9,1.0,1109.0,4.0,42.86,1.0,0.0,11.11,0.0,0.0,0.0,0.0,0.0,100.0,25.0,0.2426,9.53
710f0f8c5d5c9d41,Lucas Almeida,,15,4,0,180.34,65.77,180.34,Orthodox,"Jan 31, 1991",4.94,39,5.04,44,0.0,0,53,0.0,1.85,10.15,0.92,0.0,5.0,975.0,20.0,181.85,57.23,40.62,3.0,617.0,0.0,0.0,1.0,0.0,20.0,0.0,0.0,0.0,0.0,0.0,100.0,21.0,0.2369,29.98
87e4a3a5080ee7ce,Elisha Ellison,Snack Panther,5,1,0,,120.2,,,"Mar 05, 1997",0.0,0,0.0,0,0.0,0,0,0.0,,,,,,,,,,,,,,,,,,,,,,,,,,
baa9be02c3e3e038,Jose Medina,Chicho,11,5,0,182.88,83.91,187.96,Orthodox,"May 17, 1991",2.18,36,5.25,47,0.45,33,31,0.0,1.76,15.82,1.76,100.0,2.0,512.0,0.0,126.56,21.09,19.34,0.0,107.0,0.0,50.0,0.0,0.0,50.0,1.0,0.0,0.0,0.0,0.0,0.0,0.0,0.0957,0.79
bc711b6dd95c1af6,Mario Bautista,,16,2,0,175.26,61.23,175.26,Switch,"Jul 01, 1993",6.13,49,4.45,55,1.67,33,67,0.8,0.64,11.9,0.64,0.0,12.0,2798.0,33.33,516.26,27.98,60.79,1.0,1451.0,6.0,33.33,1.0,3.0,8.33,0.0,0.0,0.0,0.0,0.0,100.0,9.0,0.2555,10.36
2cfba6c837c03ed0,Patchy Mix,No Love,20,2,0,180.34,61.23,177.8,Southpaw,"Aug 16, 1993",8.13,40,11.53,42,0.0,0,0,0.0,0.0,0.0,0.0,0.0,1.0,300.0,0.0,0.0,48.0,42.0,0.0,304.0,0.0,0.0,0.0,0.0,0.0,1.0,0.0,0.0,0.0,0.0,0.0,0.0,0.4067,0.0
d549cefc7c54ab78,Reinier de Ridder,RdR,21,2,0,193.04,83.91,198.12,Southpaw,"Sep 07, 1990",2.95,52,2.44,50,2.86,27,66,0.6,1.24,3.71,0.0,0.0,4.0,728.0,75.0,1346.29,11.13,61.81,2.0,264.0,2.0,27.27,1.0,2.0,0.0,1.0,1.0,1.0,100.0,100.0,0.0,0.0,0.1909,6.57
ed7d329d7c29428d,Colby Thicknesse,Slickness,7,1,0,170.18,61.23,175.26,Orthodox,"Jun 23, 1999",2.53,29,2.73,48,0.0,0,50,0.0,0.0,6.0,0.0,0.0,1.0,300.0,0.0,0.0,24.0,36.0,0.0,127.0,0.0,0.0,0.0,0.0,0.0,1.0,0.0,0.0,0.0,0.0,0.0,0.0,0.1267,0.0
3329d692aea4dc28,Hamdy Abdelwahab,The Hammer,6,1,0,187.96,119.75,182.88,Southpaw,"Jan 22, 1993",3.49,49,4.49,51,1.33,66,100,0.0,0.0,5.0,0.0,0.0,3.0,900.0,0.0,455.0,29.0,18.0,1.0,320.0,0.0,66.67,0.0,0.0,0.0,1.0,0.0,0.0,0.0,0.0,0.0,0.0,0.1744,1.2
aa72b0f831d0bfe5,Deiveson Figueiredo,Deus da Guerra,24,5,1,165.1,61.23,172.72,Orthodox,"Dec 18, 1987",2.82,54,3.64,49,1.69,35,58,1.4,0.19,11.61,0.56,33.33,19.0,4805.0,42.11,459.27,13.67,34.46,12.0,1245.0,22.0,35.06,4.0,4.0,10.53,0.0,4.0,4.0,100.0,25.0,100.0,13.25,0.1411,6.24
a44020ea2e8cd026,JooSang Yoo,Zombie Jr.,9,0,0,170.18,65.77,180.34,Orthodox,"Jan 21, 1994",12.86,75,4.29,50,0.0,0,0,0.0,0.0,0.0,0.0,0.0,1.0,28.0,100.0,0.0,64.29,0.0,1.0,8.0,0.0,0.0,1.0,0.0,0.0,1.0,0.0,0.0,0.0,0.0,100.0,1.0,0.2143,0.0
6c3b2525436cf5d4,Tom Nolan,Big Train,9,1,0,190.5,70.31,185.42,Southpaw,"Mar 08, 2000",5.82,45,4.85,46,0.41,12,66,1.6,2.02,6.05,1.01,100.0,4.0,893.0,25.0,146.14,35.27,61.48,0.0,435.0,4.0,12.5,1.0,0.0,25.0,1.0,0.0,0.0,0.0,0.0,100.0,4.0,0.2217,3.02
65adf3856c4d9256,Jafel Filho,Pastor,16,4,0,170.18,56.7,172.72,Orthodox,"May 05, 1993",1.92,41,1.63,47,2.45,42,66,2.1,0.86,12.06,2.58,33.33,4.0,1045.0,50.0,590.81,7.75,16.36,0.0,156.0,6.0,50.0,0.0,2.0,0.0,0.0,0.0,0.0,0.0,0.0,0.0,0.0,0.0622,1.62
093e1f5bb73850be,Anthony Hernandez,Fluffy,15,2,0,182.88,83.91,190.5,Orthodox,"Oct 18, 1993",4.59,62,2.53,49,6.46,48,68,1.8,0.51,11.11,2.53,80.0,11.0,1782.0,63.64,2158.08,16.67,31.82,0.0,900.0,15.0,48.65,2.0,5.0,9.09,0.0,2.0,2.0,100.0,0.0,100.0,68.5,0.3171,20.65
545092d13c67aa49,Alexia Thainara,Burguesinha,12,1,0,162.56,52.16,170.18,Orthodox,"Nov 20, 1995",5.73,40,2.82,70,3.07,100,0,2.3,0.0,0.0,0.0,0.0,1.0,272.0,100.0,675.0,9.93,3.31,0.0,21.0,2.0,100.0,0.0,1.0,0.0,1.0,0.0,0.0,0.0,0.0,0.0,0.0,0.0404,0.0
70e1f8a821b72c8b,Jimmy Crute,,13,4,2,187.96,92.99,187.96,Orthodox,"Mar 04, 1996",4.17,52,3.68,42,4.2,52,58,1.9,1.15,4.59,0.76,0.0,11.0,2353.0,45.45,665.15,13.0,14.53,4.0,526.0,10.0,52.38,2.0,3.0,18.18,0.0,0.0,0.0,0.0,0.0,100.0,3.5,0.1118,5.67
8ebc3a8da015d70c,Cam Rowston,Battle Giraffe,12,3,0,190.5,83.91,198.12,Orthodox,"Jan 19, 1995",3.23,49,2.34,50,0.83,50,28,0.8,,,,,,,,,,,,,,,,,,,,,,,,,,
af9f42e6894047fc,Jamie Mullarkey,,17,8,0,182.88,70.31,187.96,Orthodox,"Aug 17, 1994",4.39,46,4.53,53,2.31,34,78,0.1,2.32,5.41,0.39,100.0,11.0,2328.0,18.18,468.94,49.48,39.43,2.0,979.0,1.0,34.04,2.0,0.0,36.36,1.0,0.0,0.0,0.0,0.0,100.0,4.5,0.1959,11.56
1ebe20ebbfa15e29,Zhang Weili,Magnum,26,3,0,162.56,52.16,160.02,Switch,"Aug 13, 1989",5.15,53,2.77,54,2.24,45,74,0.5,0.68,9.16,1.02,100.0,12.0,2654.0,33.33,1158.4,71.89,49.51,3.0,1665.0,6.0,45.61,2.0,2.0,8.33,1.0,6.0,6.0,100.0,66.67,100.0,18.0,0.338,11.02
9c393e836a852f30,Mauricio Ruffy,,12,1,0,180.34,70.31,190.5,Orthodox,"Jun 17, 1996",4.54,58,4.59,61,0.0,0,100,0.0,0.0,7.62,0.0,0.0,3.0,709.0,66.67,29.2,15.23,7.62,3.0,162.0,0.0,0.0,2.0,0.0,0.0,1.0,0.0,0.0,0.0,0.0,50.0,1.0,0.1354,4.83
69898645d600abdb,Rodolfo Bellato,Trator,12,2,1,190.5,92.99,190.5,Orthodox,"Feb 05, 1996",5.84,61,6.0,45,1.26,36,100,0.3,2.1,9.46,0.0,0.0,3.0,856.0,33.33,266.0,37.85,36.8,0.0,292.0,0.0,42.86,1.0,0.0,0.0,1.0,0.0,0.0,0.0,0.0,100.0,51.0,0.2091,7.66
32feae6d9a1e5047,Quang Le,Bang,9,2,0,167.64,61.23,177.8,Orthodox,"Oct 18, 1991",2.7,37,4.53,47,3.15,35,100,0.5,1.79,5.38,0.0,0.0,3.0,502.0,33.33,1072.11,12.55,51.99,0.0,238.0,1.0,35.0,0.0,1.0,33.33,1.0,0.0,0.0,0.0,0.0,0.0,0.0,0.1793,18.59
866fd7b1a6c90e7f,Dusko Todorovic,Thunder,12,6,0,185.42,83.91,187.96,Orthodox,"May 19, 1994",4.79,57,4.53,47,1.5,17,42,0.2,1.7,5.96,1.28,100.0,9.0,2113.0,33.33,450.64,8.94,22.15,0.0,527.0,1.0,25.81,3.0,0.0,44.44,1.0,0.0,0.0,0.0,0.0,100.0,21.33,0.1335,8.14
b62d5280966b2460,Clayton Carpenter,,8,1,0,167.64,56.7,167.64,Orthodox,"Jun 09, 1996",3.91,55,2.75,55,2.23,46,42,1.5,0.0,10.08,0.0,0.0,3.0,625.0,66.67,774.72,25.92,24.48,0.0,134.0,4.0,42.86,0.0,2.0,0.0,1.0,0.0,0.0,0.0,0.0,0.0,0.0,0.1264,5.93
1b35af4d1529adf6,Stephanie Luciano,Rondinha,6,2,1,167.64,52.16,165.1,Orthodox,"Dec 16, 1999",5.36,41,3.38,61,0.67,66,80,0.0,0.0,27.0,1.5,100.0,2.0,600.0,0.0,217.5,34.5,55.5,1.0,426.0,0.0,50.0,0.0,0.0,0.0,1.0,0.0,0.0,0.0,0.0,0.0,0.0,0.2567,1.0
e1d40e8782d80bc2,William Gomis,Jaguar,14,3,0,182.88,65.77,185.42,Southpaw,"Jun 13, 1997",3.53,51,2.86,60,0.62,27,73,0.4,0.0,15.45,3.36,100.0,5.0,1340.0,20.0,584.33,53.73,46.34,0.0,495.0,2.0,27.27,1.0,0.0,0.0,1.0,0.0,0.0,0.0,0.0,0.0,0.0,0.1903,7.18
46e2011d92463b7e,Oumar Sy,,11,1,0,193.04,92.99,210.82,Orthodox,"Nov 21, 1995",3.68,50,1.81,70,2.22,33,100,0.4,0.0,1.09,0.0,0.0,3.0,823.0,33.33,705.35,39.37,30.62,0.0,248.0,1.0,33.33,0.0,1.0,0.0,1.0,0.0,0.0,0.0,0.0,0.0,0.0,0.1507,7.42
873626e5547b5235,Kyle Prepolec,Killshot,18,9,0,177.8,70.31,177.8,Southpaw,"Aug 30, 1989",2.87,35,5.19,49,0.0,0,40,0.0,0.0,11.92,2.38,0.0,3.0,755.0,0.0,65.56,17.88,38.15,0.0,302.0,0.0,0.0,0.0,0.0,0.0,0.0,0.0,0.0,0.0,0.0,0.0,0.0,0.143,2.43
eabf206b162b3b83,Paul Craig,Bearjew,17,9,1,190.5,92.99,193.04,Orthodox,"Nov 27, 1987",2.54,45,3.0,43,1.47,19,35,1.4,0.82,3.48,1.23,0.0,20.0,4394.0,45.0,271.6,14.95,26.83,1.0,914.0,15.0,19.28,3.0,6.0,25.0,0.0,0.0,0.0,0.0,0.0,100.0,18.67,0.0944,4.05
f748267c4ab6c127,Rhys McKee,Skeletor,14,6,1,187.96,77.11,198.12,Orthodox,"Sep 10, 1995",5.16,44,7.92,46,0.0,0,41,0.0,0.0,11.02,0.65,100.0,5.0,1389.0,20.0,316.2,16.2,42.76,3.0,617.0,0.0,0.0,1.0,0.0,20.0,1.0,0.0,0.0,0.0,0.0,100.0,2.0,0.1973,8.5
a9e260472d321361,Jasmine Jasudavicius,,14,3,0,170.18,56.7,172.72,Orthodox,"Mar 01, 1989",3.71,45,3.63,51,2.61,44,75,0.6,0.0,5.4,0.34,100.0,10.0,2669.0,30.0,1317.46,13.15,38.78,1.0,1045.0,6.0,43.14,0.0,3.0,0.0,1.0,0.0,0.0,0.0,0.0,0.0,0.0,0.1817,5.14
7447e9f28508106a,Mackenzie Dern,,15,5,0,162.56,52.16,160.02,Orthodox,"Mar 24, 1993",3.31,40,3.9,52,0.89,17,25,1.2,1.35,2.7,0.45,100.0,15.0,4006.0,33.33,807.66,15.73,20.0,2.0,1658.0,16.0,17.65,0.0,5.0,6.67,1.0,2.0,2.0,100.0,50.0,0.0,0.0,0.1667,6.43
29162be25ebef5f0,Luis Gurule,Grim,10,1,0,165.1,56.7,162.56,Orthodox,"Nov 16, 1993",5.34,48,3.74,58,0.68,16,50,0.0,7.89,0.0,0.0,0.0,1.0,114.0,0.0,1081.58,71.05,0.0,0.0,34.0,0.0,25.0,0.0,0.0,100.0,1.0,0.0,0.0,0.0,0.0,0.0,0.0,0.1053,0.0
05339613bf8e9808,Rob Font,,22,8,0,172.72,61.23,180.34,Orthodox,"Jun 25, 1987",5.49,46,3.67,57,0.79,34,42,0.4,0.9,12.45,0.54,66.67,19.0,4986.0,36.84,217.87,16.61,43.14,7.0,2944.0,6.0,34.21,6.0,1.0,0.0,0.0,1.0,1.0,100.0,100.0,83.33,6.5,0.2732,12.39
7f1bf0c255ec8756,Azat Maksum,Qazaq,15,2,0,170.18,56.7,177.8,Southpaw,"Feb 02, 1995",3.24,28,5.0,52,2.33,28,85,0.3,0.0,14.0,4.0,100.0,3.0,900.0,0.0,227.0,10.0,38.0,1.0,511.0,1.0,28.0,0.0,0.0,0.0,1.0,0.0,0.0,0.0,0.0,0.0,0.0,0.1622,2.0
c5ccd878231c5407,Ramon Taveras,The Savage,10,3,0,172.72,65.77,177.8,Southpaw,"Jan 09, 1994",4.62,44,7.41,57,0.0,0,100,0.0,0.0,7.5,0.0,0.0,2.0,600.0,0.0,9.0,10.5,19.5,1.0,303.0,0.0,0.0,0.0,0.0,0.0,1.0,0.0,0.0,0.0,0.0,0.0,0.0,0.2183,0.7
c2299ec916bc7c56,Benoit Saint Denis,God of War,14,3,0,180.34,70.31,185.42,Southpaw,"Dec 18, 1995",5.39,55,4.61,41,4.19,39,70,1.5,0.54,9.12,3.22,100.0,9.0,1678.0,66.67,966.51,27.89,56.85,4.0,655.0,7.0,39.58,3.0,3.0,22.22,1.0,0.0,0.0,0.0,0.0,100.0,22.33,0.2181,46.44
d9a56ecb6e94f02e,Evan Elder,The Phenom,10,2,0,177.8,70.31,182.88,Switch,"Apr 11, 1997",5.66,50,4.94,57,0.48,15,40,0.5,0.86,8.62,4.31,100.0,5.0,1044.0,20.0,295.69,49.14,115.52,2.0,693.0,2.0,15.38,0.0,1.0,20.0,1.0,0.0,0.0,0.0,0.0,0.0,0.0,0.3381,37.55
ca80d72da81d7224,Michelle Montague,The Wild One,6,0,0,,61.23,,,"Nov 25, 1993",0.0,0,0.0,0,0.0,0,0,0.0,,,,,,,,,,,,,,,,,,,,,,,,,,
cc1a8b4b38b92c6d,Montel Jackson,Quik,15,2,0,177.8,61.23,190.5,Southpaw,"Apr 24, 1992",3.22,53,1.39,62,3.24,62,68,0.4,0.0,23.92,2.46,100.0,11.0,2558.0,36.36,912.31,9.85,22.17,11.0,632.0,3.0,60.0,3.0,1.0,0.0,1.0,0.0,0.0,0.0,0.0,100.0,4.67,0.136,3.79
faf317c665546a36,Santiago Luna,Borderboy,6,0,0,,61.23,,,"Aug 06, 2004",0.0,0,0.0,0,0.0,0,0,0.0,,,,,,,,,,,,,,,,,,,,,,,,,,
3fa97913cfd205d3,Alessandro Costa,Nono,14,4,0,162.56,56.7,170.18,Orthodox,"Jan 28, 1996",4.14,47,3.5,57,0.27,12,90,0.0,3.05,27.41,1.52,100.0,4.0,591.0,50.0,254.31,63.96,51.78,2.0,345.0,0.0,12.5,2.0,0.0,25.0,1.0,0.0,0.0,0.0,0.0,100.0,15.5,0.308,21.55
f6ad6a1e4d600e0d,Mason Jones,The Dragon,16,2,0,177.8,70.31,187.96,Orthodox,"Apr 26, 1995",5.56,41,4.46,48,4.24,52,80,0.0,0.67,10.12,0.0,0.0,5.0,1334.0,0.0,885.83,23.61,62.74,0.0,891.0,0.0,52.78,0.0,0.0,0.0,1.0,0.0,0.0,0.0,0.0,0.0,0.0,0.2804,5.0
7dda2cf308f24a02,Virna Jandiroba,Carcara,22,3,0,160.02,52.16,162.56,Orthodox,"May 30, 1988",1.97,38,2.55,57,2.37,33,73,1.8,0.0,7.22,0.63,100.0,11.0,2868.0,36.36,1087.66,0.94,10.98,1.0,670.0,16.0,33.33,1.0,3.0,0.0,1.0,1.0,1.0,100.0,0.0,0.0,0.0,0.091,3.46
d747eb273a40a920,Claudio Puelles,Prince of Peru,13,4,0,177.8,70.31,182.88,Southpaw,"Apr 21, 1996",1.56,49,2.78,46,3.17,36,60,1.2,1.51,5.03,1.01,100.0,8.0,1790.0,37.5,1186.09,4.53,22.63,0.0,282.0,7.0,36.54,0.0,3.0,25.0,1.0,0.0,0.0,0.0,0.0,0.0,0.0,0.0782,5.18
3bc3f60b21cddc6a,Azamat Bekoev,Iron,20,3,0,182.88,83.91,182.88,Orthodox,"Dec 30, 1995",7.59,61,4.48,46,2.59,33,100,0.0,0.0,10.34,0.0,0.0,2.0,348.0,100.0,512.07,5.17,12.93,2.0,72.0,0.0,33.33,2.0,0.0,0.0,1.0,0.0,0.0,0.0,0.0,100.0,9.5,0.1264,0.78
39d309957c5c210d,Mario Pinto,,10,0,0,195.58,120.2,200.66,Orthodox,"Mar 14, 1998",3.67,71,5.29,51,0.0,0,100,0.0,23.08,23.08,0.0,0.0,1.0,39.0,100.0,415.38,69.23,46.15,1.0,23.0,0.0,0.0,1.0,0.0,0.0,1.0,0.0,0.0,0.0,0.0,0.0,0.0,0.3333,0.0
749f572d1d3161fb,Khalil Rountree Jr.,,15,6,0,185.42,92.99,193.04,Southpaw,"Feb 26, 1990",3.79,40,4.24,49,0.0,0,58,0.1,0.53,8.93,0.26,0.0,17.0,3426.0,41.18,49.65,34.94,39.4,14.0,1515.0,1.0,0.0,7.0,0.0,17.65,0.0,1.0,1.0,100.0,100.0,85.71,2.43,0.1792,17.51
64ad3e3b0efa30bb,Ivan Erslan,,14,5,0,187.96,92.99,182.88,Orthodox,"Nov 15, 1991",2.5,44,5.17,55,0.5,20,64,0.0,1.5,25.5,0.0,0.0,2.0,600.0,0.0,630.0,6.0,21.0,0.0,169.0,0.0,20.0,0.0,0.0,0.0,1.0,0.0,0.0,0.0,0.0,0.0,0.0,0.125,0.3
fba03cd6cc28dc41,Josh Emmett,CC0,19,5,0,167.64,65.77,177.8,Orthodox,"Mar 04, 1985",3.75,35,4.46,60,1.09,37,46,0.1,0.45,3.41,0.23,0.0,15.0,3963.0,26.67,225.97,26.12,37.02,12.0,2155.0,1.0,37.5,4.0,0.0,6.67,0.0,1.0,1.0,100.0,100.0,25.0,3.75,0.1948,6.78
113df4fde64735c6,Davey Grant,Dangerous,17,7,0,172.72,61.23,175.26,Orthodox,"Dec 18, 1985",5.18,44,3.74,55,1.04,40,63,0.2,0.86,11.76,2.29,50.0,14.0,3138.0,28.57,393.21,63.38,86.33,4.0,2004.0,2.0,40.0,3.0,1.0,0.0,0.0,0.0,0.0,0.0,0.0,100.0,4.0,0.2843,22.74
7c7332319c14094c,Marlon Vera,Chito,23,10,1,172.72,61.23,177.8,Switch,"Dec 02, 1992",4.27,49,5.37,50,0.51,39,72,0.8,0.15,13.38,0.0,0.0,24.0,5921.0,45.83,278.16,52.14,44.69,12.0,2813.0,18.0,39.29,7.0,4.0,0.0,1.0,2.0,2.0,100.0,50.0,100.0,7.14,0.2334,8.34
60193e707634e560,Montse Rendon,Monster,6,1,0,172.72,61.23,172.72,Orthodox,"Mar 16, 1989",3.13,28,3.9,54,3.0,54,100,0.0,0.0,4.5,1.5,100.0,2.0,600.0,0.0,922.5,22.5,22.5,0.0,329.0,0.0,54.55,0.0,0.0,0.0,1.0,0.0,0.0,0.0,0.0,0.0,0.0,0.1567,4.4
6d1bffff14897645,Santiago Ponzinibbio,Argentine Dagger,31,9,0,182.88,77.11,185.42,Orthodox,"Sep 26, 1986",4.78,41,4.68,61,0.6,27,71,0.0,1.37,7.43,0.0,0.0,20.0,4600.0,35.0,136.17,35.61,26.61,11.0,2605.0,0.0,27.27,7.0,0.0,20.0,1.0,2.0,2.0,100.0,0.0,100.0,2.43,0.2354,9.57
294aa73dbf37d281,Bruno Silva,Bulldog,14,7,2,162.56,56.7,165.1,Orthodox,"Mar 16, 1990",3.83,49,4.81,50,1.79,23,60,0.2,2.75,8.26,2.75,100.0,9.0,1635.0,44.44,533.39,42.39,44.04,6.0,713.0,1.0,23.91,3.0,1.0,22.22,1.0,0.0,0.0,0.0,0.0,100.0,9.67,0.2159,6.89
787bb1f087ccff8a,Ciryl Gane,Bon Gamin,13,2,0,193.04,111.13,205.74,Orthodox,"Apr 12, 1990",5.26,61,2.23,61,0.7,25,43,0.6,0.29,4.72,0.59,50.0,12.0,3054.0,50.0,284.38,76.62,73.08,3.0,1467.0,7.0,25.0,4.0,2.0,0.0,0.0,5.0,5.0,100.0,40.0,75.0,4.75,0.2944,8.63
9a97acbfd5a08bfa,David Martinez,Black Spartan,12,1,0,165.1,61.23,170.18,Orthodox,"Aug 03, 1998",5.4,52,2.7,67,0.0,0,100,0.0,0.0,0.0,0.0,0.0,1.0,278.0,100.0,135.97,16.19,3.24,1.0,41.0,0.0,0.0,1.0,0.0,0.0,1.0,0.0,0.0,0.0,0.0,100.0,8.0,0.0971,0.0
6902fcf0610dd303,Jakub Wiklacz,Masa,16,3,2,,61.23,,,"Sep 10, 1996",0.0,0,0.0,0,0.0,0,0,0.0,,,,,,,,,,,,,,,,,,,,,,,,,,
f166e93d04a8c274,Diego Lopes,,26,7,0,180.34,65.77,182.88,Orthodox,"Dec 30, 1994",3.7,47,4.76,46,0.35,40,67,1.9,0.0,14.62,0.0,0.0,7.0,1477.0,42.86,300.41,24.98,21.94,4.0,623.0,8.0,40.0,2.0,1.0,0.0,1.0,0.0,0.0,0.0,0.0,100.0,12.0,0.1991,6.44
dd6103dd7127db1d,Mike Malott,Proper,12,2,1,185.42,77.11,185.42,Orthodox,"Nov 07, 1991",4.09,47,2.96,54,2.08,56,16,0.7,0.0,2.34,0.0,0.0,6.0,1153.0,66.67,432.44,42.15,36.69,3.0,360.0,2.0,70.0,2.0,2.0,16.67,1.0,0.0,0.0,0.0,0.0,100.0,6.0,0.17,27.74
34ff304266360297,Manon Fiorot,The Beast,12,2,0,170.18,56.7,165.1,Orthodox,"Feb 17, 1990",5.58,41,3.59,66,1.06,29,87,0.0,0.4,9.69,0.4,100.0,8.0,2228.0,25.0,422.13,35.55,67.46,1.0,1700.0,0.0,29.03,2.0,0.0,0.0,1.0,1.0,1.0,100.0,100.0,100.0,3.5,0.3187,7.41
279566840aa55bf2,Alexander Volkov,Drago,38,11,0,200.66,113.4,203.2,Orthodox,"Oct 24, 1988",4.97,57,2.99,54,0.61,66,72,0.2,0.45,19.96,0.68,66.67,17.0,3968.0,41.18,269.91,46.27,54.66,4.0,1998.0,2.0,66.67,6.0,1.0,5.88,0.0,4.0,4.0,100.0,0.0,66.67,6.5,0.2868,10.39
4126a78111c0855a,Caio Borralho,The Natural,17,1,0,185.42,83.91,190.5,Southpaw,"Jan 16, 1993",3.61,60,2.34,62,1.56,60,76,0.5,0.0,5.71,0.0,0.0,7.0,1735.0,28.57,1030.2,24.9,31.64,3.0,569.0,4.0,56.25,1.0,1.0,0.0,1.0,1.0,1.0,100.0,100.0,0.0,0.0,0.1937,8.84
7674b836ce0698a0,Yousri Belgaroui,,8,3,0,195.58,83.91,200.66,Orthodox,"Jun 02, 1992",4.43,60,2.65,57,0.0,0,81,0.0,,,,,,,,,,,,,,,,,,,,,,,,,,
f96856f9d69fd7e4,Robert Bryczek,,17,6,0,182.88,83.91,190.5,Orthodox,"Jul 04, 1990",2.13,24,4.47,60,0.0,0,100,0.0,3.0,12.0,0.0,0.0,1.0,300.0,0.0,90.0,9.0,30.0,0.0,133.0,0.0,0.0,0.0,0.0,0.0,1.0,0.0,0.0,0.0,0.0,0.0,0.0,0.1067,0.0
41e83a89929d1327,Jailton Almeida,Malhadinho,22,3,0,190.5,92.99,200.66,Orthodox,"Jun 26, 1991",2.62,65,0.89,41,6.58,60,60,2.4,0.0,1.43,0.0,0.0,9.0,1894.0,77.78,1478.78,1.9,4.75,0.0,265.0,10.0,60.0,3.0,4.0,11.11,1.0,2.0,2.0,100.0,50.0,100.0,28.67,0.0935,4.58
6967153c7edb4d87,Ozzy Diaz,,10,3,0,193.04,83.91,200.66,Orthodox,"Nov 22, 1990",6.44,50,7.23,59,0.0,0,50,0.0,2.02,6.07,0.0,0.0,2.0,445.0,0.0,0.0,14.16,28.31,0.0,273.0,0.0,0.0,0.0,0.0,50.0,1.0,0.0,0.0,0.0,0.0,0.0,0.0,0.3236,11.64
e13abac8089a801a,Justin Tafa,Bad Man,7,5,0,182.88,119.75,187.96,Southpaw,"Dec 13, 1993",4.05,54,5.11,47,0.0,0,53,0.0,1.22,9.16,1.22,100.0,10.0,1474.0,40.0,161.8,18.32,37.86,4.0,406.0,0.0,0.0,4.0,0.0,20.0,1.0,0.0,0.0,0.0,0.0,75.0,1.75,0.1499,5.53
6b56e94a59b7b134,Oban Elliott,The Welsh Gangster,12,3,0,182.88,77.11,182.88,Orthodox,"Dec 19, 1997",3.5,48,2.24,60,1.7,44,55,0.0,0.96,19.15,0.96,100.0,4.0,940.0,25.0,902.87,34.47,31.6,1.0,384.0,0.0,44.44,1.0,0.0,0.0,1.0,0.0,0.0,0.0,0.0,100.0,8.0,0.2011,38.87
c051c2e12d692b8a,Jesus Aguilar,,11,3,0,162.56,56.7,157.48,Orthodox,"Mar 13, 1996",1.73,45,1.1,59,1.83,35,40,1.8,0.0,25.19,2.61,33.33,5.0,1036.0,40.0,351.83,10.42,7.82,1.0,133.0,5.0,33.33,1.0,1.0,0.0,0.0,0.0,0.0,0.0,0.0,0.0,0.0,0.0589,2.8
886264a0c9f4ea5e,Andre Muniz,Sergipano,24,7,0,185.42,83.91,198.12,Southpaw,"Feb 17, 1990",2.04,49,2.33,51,4.02,49,35,1.2,0.39,3.47,1.16,33.33,9.0,2333.0,33.33,709.43,11.96,13.12,0.0,335.0,7.0,53.33,0.0,3.0,22.22,0.0,0.0,0.0,0.0,0.0,0.0,0.0,0.0664,2.36
3df5493bb279226f,Amanda Lemos,,15,4,1,162.56,52.16,165.1,Southpaw,"May 22, 1987",2.89,54,3.46,44,1.14,62,59,0.7,0.32,8.7,1.61,0.0,13.0,2793.0,38.46,489.8,16.76,26.42,6.0,698.0,6.0,62.5,3.0,2.0,7.69,0.0,1.0,1.0,100.0,0.0,100.0,6.33,0.1361,8.91
b7c5eb7cdbac6a63,Danny Barlow,LeftHand2God,9,1,0,187.96,83.91,200.66,Southpaw,"Aug 02, 1995",5.62,50,3.7,51,0.0,0,100,0.0,1.58,4.75,0.0,0.0,3.0,568.0,33.33,141.02,36.44,34.86,1.0,314.0,0.0,0.0,1.0,0.0,33.33,1.0,0.0,0.0,0.0,0.0,100.0,6.0,0.2764,31.17
4e30e4250cb08b61,Loma Lookboonmee,,10,3,0,154.94,52.16,154.94,Orthodox,"Jan 18, 1996",3.87,56,2.47,52,2.03,51,73,0.1,0.0,12.52,1.84,100.0,9.0,2444.0,11.11,460.31,33.14,81.01,0.0,863.0,1.0,51.52,0.0,1.0,0.0,1.0,0.0,0.0,0.0,0.0,0.0,0.0,0.1989,6.11
07225ba28ae309b6,Charles Oliveira,Do Bronxs,35,11,0,177.8,70.31,187.96,Orthodox,"Oct 17, 1989",3.41,55,3.26,48,2.23,39,56,2.6,0.98,8.13,1.63,50.0,35.0,5534.0,57.14,758.51,21.63,38.38,8.0,1616.0,46.0,39.39,4.0,16.0,14.29,0.0,5.0,5.0,100.0,20.0,100.0,8.5,0.1614,22.2
7026eca45f65377b,Jared Gordon,Flash,21,7,0,175.26,70.31,172.72,Orthodox,"Sep 06, 1988",5.67,55,3.91,56,1.83,32,62,0.0,0.44,8.88,1.55,71.43,16.0,4052.0,18.75,838.03,21.32,36.2,2.0,1752.0,0.0,32.81,3.0,0.0,18.75,0.0,0.0,0.0,0.0,0.0,100.0,14.0,0.2414,10.53
71505842fb6455c3,Dustin Stoltzfus,,16,7,0,182.88,83.91,190.5,Orthodox,"Nov 15, 1991",3.14,45,3.14,47,2.26,41,46,1.3,0.89,6.24,2.23,20.0,9.0,2020.0,22.22,713.76,29.41,26.73,2.0,621.0,7.0,39.39,1.0,1.0,22.22,0.0,0.0,0.0,0.0,0.0,100.0,4.0,0.1366,10.17
b671bdf981ad527d,HyunSung Park,Peace of Mind,10,1,0,170.18,56.7,167.64,Orthodox,"Nov 04, 1995",3.66,46,2.94,59,1.59,33,50,2.4,2.8,9.81,1.4,0.0,4.0,642.0,75.0,478.04,39.25,25.23,2.0,246.0,4.0,40.0,1.0,2.0,0.0,0.0,0.0,0.0,0.0,0.0,100.0,8.0,0.1636,4.15
4e6738062d469256,Sedriques Dumas,The Reaper,10,3,0,187.96,83.91,200.66,Orthodox,"Aug 06, 1995",2.1,45,2.5,55,1.25,35,40,0.2,1.24,9.33,1.87,33.33,6.0,1447.0,0.0,799.24,26.74,12.44,0.0,275.0,0.0,30.77,0.0,0.0,33.33,0.0,0.0,0.0,0.0,0.0,0.0,0.0,0.0857,3.38
1d2d98ddd05b38fb,Axel Sola,,10,0,1,187.96,77.11,187.96,Southpaw,"Sep 17, 1997",0.0,0,0.0,0,0.0,0,0,0.0,,,,,,,,,,,,,,,,,,,,,,,,,,
49edd0d90f60fb7d,Brendson Ribeiro,The Gorilla,17,8,0,190.5,92.99,205.74,Orthodox,"Sep 08, 1996",3.26,42,4.04,52,0.99,42,0,0.7,1.81,6.34,0.0,0.0,5.0,994.0,20.0,117.71,25.35,24.45,1.0,277.0,2.0,42.86,0.0,1.0,40.0,1.0,0.0,0.0,0.0,0.0,0.0,0.0,0.1167,5.96
b67d6bacc68d4c92,Daniel Santos,Willycat,13,2,0,170.18,65.77,170.18,Orthodox,"Mar 12, 1995",4.74,40,4.96,51,3.03,39,73,0.0,0.77,11.56,0.77,100.0,4.0,1168.0,25.0,856.08,21.58,47.77,1.0,638.0,0.0,39.29,1.0,0.0,0.0,1.0,0.0,0.0,0.0,0.0,100.0,2.0,0.2209,3.53
6d4b63c767106d3a,Vicente Luque,The Silent Assassin,23,11,1,180.34,77.11,190.5,Orthodox,"Nov 27, 1991",5.02,51,5.25,52,0.97,51,61,0.7,0.73,10.9,0.73,75.0,23.0,4953.0,60.87,361.42,51.24,26.53,10.0,2103.0,10.0,51.85,8.0,6.0,8.7,0.0,1.0,1.0,100.0,100.0,87.5,4.62,0.2207,11.53
2f815ed5f8278ba6,Ateba Gautier,The Silent Assassin,8,1,0,193.04,83.91,205.74,Switch,"Apr 10, 2002",6.93,61,2.19,52,0.0,0,90,0.0,0.0,0.0,0.0,0.0,2.0,282.0,100.0,3.19,3.19,19.15,2.0,87.0,0.0,0.0,2.0,0.0,0.0,1.0,0.0,0.0,0.0,0.0,50.0,1.0,0.1667,4.18
5f61780fe5e9b6d0,Andre Petroski,,13,5,0,182.88,83.91,185.42,Switch,"Jun 12, 1991",2.82,49,2.75,52,3.21,51,86,1.3,0.73,8.05,0.37,100.0,11.0,2459.0,27.27,1111.18,17.2,26.72,1.0,722.0,11.0,51.92,1.0,2.0,18.18,1.0,0.0,0.0,0.0,0.0,100.0,29.0,0.1444,6.12
01641ba5df0c69b0,Gabriel Bonfim,Marretinha,18,1,0,185.42,77.11,182.88,Orthodox,"Aug 20, 1997",4.54,45,3.53,63,4.03,55,76,1.6,0.7,11.83,0.0,0.0,6.0,1293.0,50.0,508.12,36.89,29.93,0.0,493.0,5.0,53.85,0.0,3.0,16.67,1.0,0.0,0.0,0.0,0.0,0.0,0.0,0.1756,5.41
881bf86d4cba8578,Nassourdine Imavov,The Sniper,16,4,0,190.5,83.91,190.5,Orthodox,"Mar 01, 1996",4.45,55,3.26,58,0.85,32,78,1.1,0.0,13.21,0.0,0.0,11.0,2589.0,36.36,586.79,28.16,49.02,2.0,1264.0,12.0,32.14,4.0,0.0,0.0,1.0,3.0,3.0,100.0,33.33,100.0,7.75,0.2715,12.23
9c442aaf149ea982,Shauna Bannon,Mama B,7,1,0,165.1,52.16,165.1,Switch,"Oct 23, 1993",4.77,43,3.88,44,0.0,0,42,0.8,1.12,7.86,0.0,0.0,3.0,802.0,33.33,150.37,40.4,72.94,0.0,417.0,2.0,0.0,0.0,1.0,0.0,1.0,0.0,0.0,0.0,0.0,0.0,0.0,0.2282,2.18
abb68e3c7ca128f2,Julia Polastri,Psycho,13,5,0,157.48,52.16,160.02,Orthodox,"Mar 05, 1998",5.62,55,5.37,56,0.87,80,58,0.4,0.0,17.0,0.0,0.0,3.0,900.0,0.0,486.0,35.0,68.0,0.0,418.0,1.0,75.0,0.0,0.0,0.0,1.0,0.0,0.0,0.0,0.0,0.0,0.0,0.2656,2.22
e5549c82bfb5582d,Alex Pereira,Poatan,12,3,0,193.04,92.99,200.66,Orthodox,"Jul 07, 1987",5.0,62,3.5,53,0.11,50,78,0.2,0.41,17.32,0.82,100.0,11.0,2183.0,63.64,58.13,73.8,72.56,7.0,1058.0,2.0,50.0,7.0,0.0,9.09,1.0,5.0,5.0,100.0,0.0,71.43,5.0,0.301,46.22
723b64c0e9a8f348,Josias Musasa,The KO Wizard,8,1,0,172.72,61.23,187.96,Southpaw,"Oct 10, 1998",3.45,43,4.6,28,0.82,50,77,0.8,4.59,9.18,9.18,0.0,1.0,196.0,0.0,45.92,45.92,0.0,0.0,31.0,0.0,0.0,0.0,0.0,0.0,0.0,0.0,0.0,0.0,0.0,0.0,0.0,0.0663,0.0
0c6d9ea8306c029e,Brad Tavares,,21,11,0,185.42,83.91,187.96,Orthodox,"Dec 21, 1987",3.42,43,3.28,55,0.71,26,81,0.0,0.93,17.59,1.07,100.0,26.0,6755.0,7.69,357.87,36.37,25.05,4.0,2656.0,0.0,26.67,2.0,0.0,19.23,1.0,0.0,0.0,0.0,0.0,100.0,6.0,0.1707,8.14
45f0cc9d18f35137,Chris Gutierrez,El Guapo,22,6,2,175.26,61.23,170.18,Orthodox,"Apr 22, 1991",4.59,58,2.65,63,0.24,25,70,0.1,0.24,12.81,0.71,66.67,14.0,3794.0,21.43,117.9,104.85,23.96,6.0,1469.0,1.0,25.0,3.0,0.0,0.0,0.0,0.0,0.0,0.0,0.0,66.67,2.67,0.2277,4.57
f5779a2303ed76ec,Valter Walker,The Clean Monster,14,1,0,198.12,120.2,198.12,Orthodox,"Dec 14, 1997",1.9,49,2.89,42,5.43,66,0,2.0,0.0,0.0,0.0,0.0,4.0,727.0,75.0,939.61,14.86,7.43,0.0,85.0,3.0,66.67,0.0,3.0,0.0,1.0,0.0,0.0,0.0,0.0,0.0,0.0,0.0578,2.48
da7f113b5ea39c43,Mohammed Usman,The Motor,12,4,0,187.96,108.41,200.66,Orthodox,"Apr 01, 1989",3.85,39,4.27,51,0.56,14,66,0.0,0.0,3.52,1.17,100.0,6.0,1536.0,16.67,534.38,1.17,69.73,1.0,791.0,0.0,14.29,1.0,0.0,0.0,1.0,0.0,0.0,0.0,0.0,100.0,2.0,0.2018,6.05
81d2c551886bd5a1,Alice Pereira,Golden Girl,6,0,0,,61.23,,,"Dec 20, 2005",0.0,0,0.0,0,0.0,0,0,0.0,,,,,,,,,,,,,,,,,,,,,,,,,,
a845f0735bc67405,Jake Matthews,The Celtic Kid,22,7,0,180.34,77.11,185.42,Orthodox,"Aug 19, 1994",3.44,43,2.63,60,1.51,42,67,0.6,0.69,5.83,1.37,62.5,22.0,5253.0,36.36,603.26,16.45,25.36,5.0,1939.0,10.0,42.37,2.0,6.0,4.55,0.0,0.0,0.0,0.0,0.0,100.0,26.5,0.1622,6.15
c03520b5c88ed6b4,Merab Dvalishvili,The Machine,20,4,0,167.64,61.23,172.72,Orthodox,"Jan 10, 1991",4.31,42,2.48,56,5.84,35,82,0.3,0.2,8.3,0.2,0.0,15.0,4447.0,13.33,1119.38,38.66,39.26,1.0,2533.0,5.0,35.66,1.0,1.0,0.0,0.0,4.0,4.0,100.0,75.0,100.0,57.0,0.2415,5.03
36b8f265bcd1b7a4,Abus Magomedov,,28,6,1,187.96,83.91,198.12,Orthodox,"Sep 02, 1990",3.21,48,3.68,56,2.65,57,100,0.2,1.31,0.66,0.66,100.0,6.0,1373.0,33.33,667.3,19.01,42.61,1.0,452.0,1.0,57.14,1.0,1.0,16.67,1.0,0.0,0.0,0.0,0.0,100.0,2.0,0.1588,5.88
a09ed60aa67a3f67,Farid Basharat,Ferocious,13,0,0,172.72,61.23,180.34,Orthodox,"Aug 02, 1997",4.36,55,2.57,59,3.97,44,80,0.5,0.0,7.79,1.56,100.0,4.0,1155.0,25.0,949.09,32.73,24.16,0.0,328.0,2.0,41.18,0.0,1.0,0.0,1.0,0.0,0.0,0.0,0.0,0.0,0.0,0.142,4.44
c06d6b18862f9a53,Rodrigo Sezinando,,9,1,0,,77.11,,Orthodox,"Dec 11, 1997",0.0,0,0.0,0,0.0,0,0,0.0,,,,,,,,,,,,,,,,,,,,,,,,,,
ae7fe94f117f98cf,Joaquim Silva,Netto BJJ,13,6,0,172.72,70.31,175.26,Southpaw,"Feb 05, 1989",3.66,43,4.53,53,0.39,50,69,0.8,1.25,21.68,0.0,0.0,11.0,2159.0,27.27,163.83,22.09,50.02,3.0,976.0,6.0,50.0,3.0,0.0,27.27,1.0,0.0,0.0,0.0,0.0,100.0,4.67,0.1964,9.09
d7c3816669784109,Karolina Kowalkiewicz,,16,9,0,160.02,52.16,162.56,Orthodox,"Oct 15, 1985",5.54,43,5.51,57,0.31,22,74,0.2,0.18,12.03,0.9,60.0,18.0,5014.0,5.56,274.09,28.72,59.95,0.0,3051.0,3.0,22.73,0.0,1.0,5.56,0.0,0.0,0.0,0.0,0.0,0.0,0.0,0.2637,8.05
399afbabc02376b5,Tom Aspinall,,15,3,0,195.58,116.12,198.12,Orthodox,"Apr 11, 1993",8.07,67,2.89,65,3.27,100,100,1.6,0.0,2.25,0.0,0.0,9.0,801.0,88.89,343.82,28.09,20.22,5.0,220.0,2.0,100.0,6.0,2.0,11.11,1.0,4.0,4.0,100.0,0.0,100.0,6.33,0.1848,7.25
312f7d7b2b2f7de4,Djorden Santos,Shakur,10,2,0,182.88,83.91,190.5,Orthodox,"Aug 01, 1997",7.2,43,5.87,49,1.0,40,86,0.0,0.0,0.0,0.0,0.0,1.0,300.0,0.0,78.0,24.0,24.0,0.0,345.0,0.0,33.33,0.0,0.0,0.0,1.0,0.0,0.0,0.0,0.0,0.0,0.0,0.4367,0.0
519e4fe37ce9ff75,Drew Dober,,27,15,0,172.72,70.31,177.8,Southpaw,"Oct 19, 1988",4.36,40,4.33,51,0.66,17,56,0.1,0.57,12.19,1.33,28.57,25.0,4726.0,40.0,333.64,22.09,38.09,9.0,2207.0,1.0,17.31,9.0,1.0,12.0,0.0,0.0,0.0,0.0,0.0,88.89,4.11,0.1881,10.24
92aed9d16794f42b,Robert Ruchala,Faker,11,1,0,172.72,65.77,182.88,Switch,"May 15, 1998",0.0,0,0.0,0,0.0,0,0,0.0,,,,,,,,,,,,,,,,,,,,,,,,,,
7ee0fd831c0fe7c3,Carlos Prates,The Nightmare,22,7,0,185.42,77.11,198.12,Switch,"Aug 17, 1993",3.82,54,4.8,48,0.23,100,84,0.0,0.0,16.8,0.0,0.0,6.0,1661.0,83.33,99.7,27.09,26.01,8.0,402.0,0.0,100.0,5.0,0.0,0.0,1.0,1.0,1.0,100.0,0.0,20.0,0.4,0.1288,4.3
52ef95b5860fb28c,Jean Silva,Lord,16,2,0,170.18,65.77,175.26,Orthodox,"Dec 27, 1996",4.87,52,4.13,56,0.6,50,86,0.9,0.0,27.72,0.0,0.0,5.0,909.0,100.0,41.58,4.95,42.57,5.0,290.0,3.0,100.0,4.0,1.0,0.0,1.0,0.0,0.0,0.0,0.0,50.0,2.75,0.1727,12.68
009341ed974bad72,Jiri Prochazka,,31,5,1,190.5,92.99,203.2,Orthodox,"Oct 14, 1992",5.74,55,5.7,43,0.6,60,68,0.2,2.2,13.91,2.2,100.0,7.0,1229.0,71.43,484.78,16.11,46.87,4.0,775.0,1.0,60.0,4.0,1.0,28.57,1.0,2.0,2.0,100.0,0.0,75.0,9.75,0.3523,10.25
4333a8e70a672eb7,Brogan Walker,The Bear,8,4,0,162.56,56.7,170.18,Switch,"Aug 02, 1988",2.04,30,3.7,47,0.0,0,11,0.0,0.0,15.08,1.68,100.0,2.0,537.0,0.0,234.64,31.84,30.17,0.0,193.0,0.0,0.0,0.0,0.0,50.0,1.0,0.0,0.0,0.0,0.0,0.0,0.0,0.1099,0.9
4948e412fa6ab67d,Ravena Oliveira,Kenoudy,7,2,1,165.1,52.16,165.1,Orthodox,"Feb 20, 1997",1.0,48,1.2,48,2.0,66,62,0.0,0.0,24.0,0.0,0.0,1.0,300.0,0.0,966.0,6.0,9.0,0.0,31.0,0.0,66.67,0.0,0.0,0.0,1.0,0.0,0.0,0.0,0.0,0.0,0.0,0.05,0.0
43a59ce3bb40449e,Mizuki,,15,6,0,160.02,52.16,165.1,Orthodox,"Aug 19, 1994",4.56,50,5.62,48,0.33,14,85,0.0,1.0,20.0,0.0,0.0,3.0,900.0,0.0,660.0,13.0,45.0,0.0,403.0,0.0,14.29,0.0,0.0,0.0,1.0,0.0,0.0,0.0,0.0,0.0,0.0,0.2278,3.49
c9cf753cfdf77fc2,Marcin Tybura,Tybur,27,9,0,190.5,112.94,198.12,Orthodox,"Nov 09, 1985",3.6,48,3.31,55,1.39,33,75,0.1,0.86,6.18,0.34,50.0,22.0,5243.0,27.27,757.35,20.26,31.76,1.0,1835.0,2.0,33.82,5.0,1.0,18.18,0.0,1.0,1.0,100.0,0.0,60.0,12.6,0.1699,5.61
132deb59abae64b1,Valentina Shevchenko,Bullet,25,4,1,165.1,56.7,167.64,Southpaw,"Mar 07, 1988",3.14,52,2.06,63,2.62,60,75,0.3,0.19,10.48,1.75,88.89,18.0,4636.0,33.33,1169.26,43.1,26.4,2.0,2022.0,7.0,60.2,4.0,2.0,0.0,0.0,12.0,12.0,100.0,58.33,100.0,14.0,0.2284,7.94
b08012bbe542592a,Tatiana Suarez,,11,1,0,165.1,52.16,167.64,Southpaw,"Dec 19, 1990",3.22,61,1.58,47,4.65,47,80,0.7,0.0,2.47,1.98,100.0,8.0,1822.0,62.5,1553.51,26.67,39.02,0.0,472.0,4.0,47.46,1.0,4.0,0.0,1.0,0.0,0.0,0.0,0.0,100.0,70.0,0.1597,6.58
9cdd2da1a9104a0b,Macy Chiasson,,11,4,0,180.34,61.23,182.88,Orthodox,"Jul 27, 1991",3.49,46,2.68,45,2.08,35,71,0.4,0.35,7.38,1.76,80.0,12.0,2562.0,41.67,938.64,15.81,50.59,2.0,923.0,3.0,35.42,3.0,2.0,8.33,0.0,0.0,0.0,0.0,0.0,100.0,18.67,0.1671,6.71
1ae8f3c723aacff4,Ricardo Ramos,,17,7,0,175.26,65.77,182.88,Orthodox,"Aug 01, 1995",2.97,36,4.06,54,2.57,57,70,0.7,0.55,7.45,0.83,33.33,14.0,3260.0,21.43,324.39,18.77,23.19,3.0,1094.0,6.0,57.5,2.0,1.0,14.29,0.0,0.0,0.0,0.0,0.0,50.0,2.0,0.1224,5.62
476fe566d2df676e,Modestas Bukauskas,The Baltic Gladiator,18,6,0,190.5,92.99,193.04,Switch,"Feb 10, 1994",3.26,42,4.07,51,0.31,66,77,0.2,1.67,7.51,0.0,0.0,10.0,2158.0,30.0,233.55,13.35,24.19,1.0,731.0,1.0,66.67,2.0,1.0,30.0,1.0,0.0,0.0,0.0,0.0,0.0,0.0,0.145,2.82
2b6fc1c02736833d,Umar Nurmagomedov,,18,1,0,172.72,61.23,175.26,Orthodox,"Jan 03, 1996",4.38,57,2.15,60,3.26,39,78,0.3,0.48,15.68,0.0,0.0,7.0,1894.0,42.86,954.65,23.76,38.97,1.0,740.0,2.0,39.62,1.0,2.0,0.0,1.0,1.0,1.0,100.0,100.0,100.0,1.0,0.2233,5.72
5b43d68174b6e2ab,Losene Keita,Black Panther,16,1,0,172.72,65.77,182.88,Orthodox,"Dec 30, 1997",0.0,0,0.0,0,0.0,0,0,0.0,,,,,,,,,,,,,,,,,,,,,,,,,,
c6aee362c7a7d482,Randy Brown,Rudeboy,20,6,0,190.5,77.11,198.12,Orthodox,"Jul 08, 1990",4.47,47,3.26,54,0.79,39,73,0.6,1.08,12.94,1.72,75.0,20.0,4174.0,35.0,440.51,33.85,39.89,6.0,1976.0,8.0,39.29,4.0,3.0,10.0,0.0,0.0,0.0,0.0,0.0,50.0,3.75,0.2245,10.15
8b6e5dc2ba1edbe7,Sam Patterson,,13,2,1,190.5,77.11,198.12,Orthodox,"Apr 30, 1996",3.17,41,3.6,48,1.61,100,33,3.2,0.0,1.61,0.0,0.0,4.0,558.0,75.0,161.29,1.61,8.06,1.0,77.0,2.0,100.0,1.0,2.0,25.0,1.0,0.0,0.0,0.0,0.0,100.0,3.0,0.0609,1.53
7d8435c56043b0ae,Ante Delija,Walking Trouble,25,6,0,190.5,111.13,198.12,Orthodox,"Aug 07, 1990",0.0,0,0.0,0,0.0,0,0,0.0,,,,,,,,,,,,,,,,,,,,,,,,,,
3143bf892608139a,Yana Santos,,16,8,0,167.64,61.23,172.72,Orthodox,"Nov 11, 1989",4.42,58,3.07,52,0.87,50,53,0.1,0.62,8.65,0.31,100.0,11.0,2913.0,0.0,825.23,51.29,76.62,1.0,1046.0,1.0,50.0,0.0,0.0,27.27,1.0,0.0,0.0,0.0,0.0,0.0,0.0,0.2101,22.11
25f9a5f3e8a52618,Jhonata Diniz,,9,1,0,193.04,115.21,200.66,Orthodox,"Jun 23, 1991",4.58,56,3.71,59,0.0,0,78,0.0,0.0,19.19,0.0,0.0,4.0,1032.0,25.0,59.3,35.76,9.59,1.0,347.0,0.0,0.0,1.0,0.0,25.0,1.0,0.0,0.0,0.0,0.0,0.0,0.0,0.1996,7.02
f782f953bfe7b5f2,Jonathan Micallef,The Captain,8,1,0,182.88,77.11,195.58,Southpaw,"Mar 05, 1999",4.77,43,4.0,58,0.83,50,50,0.8,0.0,0.0,0.0,0.0,1.0,300.0,0.0,27.0,15.0,84.0,1.0,192.0,0.0,0.0,0.0,0.0,0.0,1.0,0.0,0.0,0.0,0.0,0.0,0.0,0.2833,0.0
c1085e1701b13eca,Joe Pyfer,Bodybagz,14,3,0,187.96,83.91,190.5,Orthodox,"Sep 17, 1996",3.74,43,3.2,54,1.35,42,60,0.7,0.0,2.18,0.73,100.0,6.0,1240.0,66.67,121.94,13.06,40.65,4.0,505.0,2.0,33.33,3.0,1.0,0.0,1.0,0.0,0.0,0.0,0.0,100.0,3.33,0.1702,5.3
4144798612ef96e5,Edmen Shahbazyan,The Golden Boy,15,5,0,187.96,83.91,190.5,Orthodox,"Nov 20, 1997",3.74,48,3.62,48,1.69,37,66,0.4,0.0,18.47,3.32,88.89,13.0,2437.0,46.15,450.92,10.71,35.45,6.0,784.0,3.0,37.5,5.0,1.0,23.08,0.0,0.0,0.0,0.0,0.0,100.0,5.0,0.1551,19.94
2bd98ab77a8daa75,Stewart Nicoll,Kakamora,8,1,0,165.1,56.7,165.1,Orthodox,"Nov 04, 1994",3.02,47,1.13,40,5.66,100,0,0.0,0.0,0.0,5.66,0.0,1.0,159.0,0.0,701.89,11.32,11.32,0.0,17.0,0.0,100.0,0.0,0.0,0.0,0.0,0.0,0.0,0.0,0.0,0.0,0.0,0.0503,0.0
8c0580d4fff106c1,Kelvin Gastelum,,20,10,0,175.26,83.91,180.34,Southpaw,"Oct 24, 1991",3.67,42,3.49,57,1.05,34,58,0.1,1.16,12.37,1.6,45.45,24.0,6185.0,20.83,398.56,29.1,30.99,9.0,2858.0,2.0,34.33,3.0,2.0,0.0,0.0,1.0,1.0,100.0,0.0,100.0,6.0,0.1945,6.28
bc7d1ad49fcb2d08,Jaqueline Amorim,,10,1,0,160.02,52.16,172.72,Orthodox,"Jun 24, 1995",2.68,53,1.43,64,2.22,37,0,4.8,0.0,2.88,0.0,0.0,5.0,936.0,80.0,1236.54,1.92,11.54,0.0,204.0,13.0,37.5,1.0,3.0,0.0,1.0,0.0,0.0,0.0,0.0,100.0,80.0,0.1165,8.57
2e19380f34871c6a,Dominick Reyes,The Devastator,15,4,0,193.04,92.99,195.58,Southpaw,"Dec 26, 1989",5.58,54,3.54,50,0.31,28,82,0.3,1.04,13.84,0.0,0.0,13.0,2601.0,53.85,170.59,32.87,46.02,7.0,1012.0,2.0,28.57,6.0,1.0,23.08,1.0,1.0,1.0,100.0,0.0,83.33,11.67,0.2111,8.45
0be6776db31d98ec,Mitch Raposo,,9,3,0,165.1,56.7,162.56,Switch,"Oct 16, 1998",1.62,33,3.2,55,3.54,37,50,0.0,0.0,1.5,0.0,0.0,2.0,600.0,0.0,400.5,1.5,18.0,0.0,102.0,0.0,33.33,0.0,0.0,0.0,1.0,0.0,0.0,0.0,0.0,0.0,0.0,0.0683,2.3
2dbc60c52de126d8,Harry Hardwick,Houdini,13,3,1,172.72,70.31,180.34,Switch,"Sep 29, 1994",0.0,0,0.0,0,0.0,0,0,0.0,,,,,,,,,,,,,,,,,,,,,,,,,,
c814b4c899793af6,Rafael Fiziev,Ataman,13,4,0,172.72,70.31,180.34,Switch,"Mar 05, 1993",4.77,52,4.77,50,0.89,72,90,0.0,0.75,19.4,0.0,0.0,11.0,2412.0,27.27,226.12,38.43,96.64,2.0,1229.0,0.0,72.73,3.0,0.0,18.18,1.0,1.0,1.0,100.0,0.0,66.67,0.67,0.2674,57.81
84b3e7d38f2d2ec5,Neil Magny,The Haitian Sensation,30,14,0,190.5,77.11,203.2,Orthodox,"Aug 03, 1987",3.45,46,2.47,51,2.15,39,55,0.2,1.13,11.16,0.82,37.5,35.0,8787.0,25.71,564.56,15.77,28.58,2.0,3144.0,7.0,39.1,7.0,2.0,11.43,0.0,1.0,1.0,100.0,100.0,85.71,33.71,0.1673,32.16
98a58c26c5b1ed17,Patricio Freire,Pitbull,37,8,0,167.64,65.77,170.18,Orthodox,"Jul 07, 1987",2.68,43,4.23,57,1.49,33,88,0.6,1.5,1.5,0.0,0.0,2.0,600.0,0.0,340.5,16.5,16.5,0.0,147.0,1.0,46.15,0.0,0.0,0.0,1.0,0.0,0.0,0.0,0.0,0.0,0.0,0.12,3.8
e0d3d9b564f95635,Lucas Rocha,Fenomeno,17,2,0,160.02,56.7,162.56,Orthodox,"Aug 12, 2000",2.0,44,4.48,39,0.0,0,61,0.0,0.0,20.45,6.82,0.0,1.0,132.0,0.0,0.0,6.82,40.91,0.0,41.0,0.0,0.0,0.0,0.0,0.0,0.0,0.0,0.0,0.0,0.0,0.0,0.0,0.1288,0.0
333b9e5c723ac873,Aleksandar Rakic,Rocket,14,5,0,193.04,92.99,198.12,Orthodox,"Feb 06, 1992",4.16,50,2.91,51,0.66,23,85,0.1,0.38,8.01,0.38,100.0,10.0,2360.0,20.0,837.84,56.82,27.84,4.0,950.0,1.0,23.81,2.0,0.0,20.0,1.0,0.0,0.0,0.0,0.0,50.0,5.0,0.2017,6.22
e90a2f22417af68e,Azamat Murzakanov,The Professional,15,0,0,177.8,92.99,180.34,Southpaw,"Apr 12, 1989",4.93,57,2.86,61,0.58,15,83,0.0,0.0,6.55,0.0,0.0,5.0,825.0,80.0,377.45,12.0,66.55,5.0,423.0,0.0,16.67,4.0,0.0,0.0,1.0,0.0,0.0,0.0,0.0,75.0,17.0,0.2982,19.97
764d39074a352e33,Thomas Petersen,The Train,10,3,0,185.42,119.75,187.96,Southpaw,"Mar 30, 1995",3.74,59,2.94,57,4.42,66,100,0.6,0.82,0.82,0.0,0.0,4.0,1092.0,0.0,877.75,12.36,41.21,0.0,309.0,1.0,61.9,0.0,0.0,25.0,1.0,0.0,0.0,0.0,0.0,0.0,0.0,0.1658,4.02
275aca31f61ba28c,Islam Makhachev,,27,1,0,177.8,77.11,177.8,Southpaw,"Oct 27, 1991",2.63,58,1.55,61,3.2,53,90,1.1,0.51,5.66,1.03,100.0,17.0,3496.0,64.71,1271.48,4.38,27.8,4.0,773.0,13.0,53.62,3.0,8.0,5.88,1.0,7.0,7.0,100.0,14.29,100.0,6.33,0.1301,8.16
7a5e8c94a86f9895,Chris Barnett,Beastboy,23,9,0,175.26,120.2,190.5,Orthodox,"Jun 14, 1986",4.21,47,6.53,39,0.0,0,33,0.0,2.31,3.47,3.47,33.33,5.0,779.0,40.0,113.22,54.3,19.64,1.0,339.0,0.0,0.0,2.0,0.0,20.0,0.0,0.0,0.0,0.0,0.0,100.0,18.5,0.2054,6.42
2caf993f53541fa1,Andreas Gustafsson,Bane,12,2,0,185.42,77.11,185.42,Orthodox,"Feb 20, 1991",5.83,76,2.79,45,6.43,58,100,0.0,0.0,0.0,0.0,0.0,1.0,300.0,0.0,1722.0,30.0,63.0,0.0,128.0,0.0,57.14,0.0,0.0,0.0,1.0,0.0,0.0,0.0,0.0,0.0,0.0,0.3267,0.0
01c9e4013afce141,Michael Aswell,The Texas Kid,10,3,0,172.72,65.77,175.26,Orthodox,"Sep 27, 2000",9.1,44,7.93,54,0.0,0,57,0.0,0.0,0.0,0.0,0.0,1.0,300.0,0.0,0.0,21.0,57.0,0.0,309.0,0.0,0.0,0.0,0.0,0.0,1.0,0.0,0.0,0.0,0.0,0.0,0.0,0.3933,0.0
a9da3158dd2c2b5a,Jack Jenkins,Phar,13,4,0,170.18,65.77,172.72,Switch,"Nov 03, 1993",4.5,61,2.97,58,1.78,64,67,0.0,0.0,24.05,3.7,50.0,5.0,973.0,20.0,634.53,61.05,64.75,3.0,484.0,0.0,62.5,1.0,0.0,20.0,0.0,0.0,0.0,0.0,0.0,100.0,14.0,0.297,30.88
ec13c393d029297d,Kaue Fernandes,,10,2,0,175.26,70.31,185.42,Orthodox,"Mar 17, 1995",4.0,54,1.32,61,1.3,100,76,0.0,0.0,13.22,0.0,0.0,3.0,885.0,33.33,202.37,42.71,30.51,3.0,254.0,0.0,100.0,1.0,0.0,0.0,1.0,0.0,0.0,0.0,0.0,100.0,8.0,0.1571,4.71
e132d47bd9efbbe0,Rafa Garcia,Gifted,17,4,0,170.18,70.31,177.8,Orthodox,"Aug 05, 1994",4.01,43,4.47,60,3.21,43,77,0.2,0.0,11.2,0.0,0.0,9.0,2492.0,11.11,621.19,13.72,26.0,0.0,1108.0,2.0,43.33,0.0,1.0,11.11,1.0,0.0,0.0,0.0,0.0,0.0,0.0,0.1954,6.87
8f765fd5775a8873,Rinat Fakhretdinov,Gladiator,23,1,1,182.88,77.11,187.96,Orthodox,"Sep 28, 1991",4.78,52,3.58,53,3.95,34,91,0.2,0.0,6.95,0.58,100.0,6.0,1555.0,16.67,1439.42,32.99,28.94,3.0,688.0,1.0,34.48,0.0,1.0,0.0,1.0,0.0,0.0,0.0,0.0,0.0,0.0,0.2334,4.66
e94085e821bd81de,Sam Hughes,Sampage,10,6,0,165.1,52.16,162.56,Orthodox,"Jun 28, 1992",4.41,46,4.57,58,1.08,32,60,0.1,0.31,13.81,1.23,100.0,10.0,2932.0,10.0,691.58,28.85,32.54,0.0,1304.0,1.0,32.26,1.0,0.0,10.0,1.0,0.0,0.0,0.0,0.0,100.0,30.0,0.2087,4.2
31dbfbe4e7a6727c,Trey Waters,The Truth,9,1,0,195.58,77.11,195.58,Orthodox,"Feb 21, 1995",6.43,44,5.61,56,0.44,33,85,0.9,0.0,30.0,0.0,0.0,2.0,600.0,0.0,40.5,9.0,19.5,0.0,428.0,1.0,33.33,0.0,0.0,0.0,1.0,0.0,0.0,0.0,0.0,0.0,0.0,0.3333,0.8
4798e823ada58fe9,Veronica Hardy,,9,5,1,162.56,56.7,162.56,Southpaw,"Oct 30, 1995",3.12,45,3.48,49,0.93,41,55,0.3,0.0,10.84,2.41,83.33,9.0,2242.0,11.11,356.87,23.28,27.7,0.0,773.0,2.0,41.18,0.0,1.0,11.11,0.0,0.0,0.0,0.0,0.0,0.0,0.0,0.1566,4.65
c15fa95b9a12fde4,Junior Tafa,The Juggernaut,6,4,0,190.5,92.99,190.5,Orthodox,"Sep 21, 1996",3.19,51,2.49,51,0.0,0,69,0.0,0.78,28.08,1.56,0.0,6.0,1154.0,33.33,25.74,0.78,16.38,1.0,275.0,0.0,0.0,2.0,0.0,16.67,0.0,0.0,0.0,0.0,0.0,0.0,0.0,0.1222,10.13
65f09bacd3957381,Cory Sandhagen,,18,5,0,180.34,61.23,177.8,Switch,"Apr 20, 1992",5.06,45,3.34,56,1.28,34,63,0.3,0.27,15.42,1.89,71.43,15.0,3327.0,46.67,769.61,56.27,43.28,4.0,2358.0,4.0,34.62,6.0,1.0,0.0,0.0,5.0,5.0,100.0,40.0,83.33,18.33,0.3198,15.73
5e9ca8dd7d783a75,Alden Coria,Cobra,10,3,0,,56.7,,Orthodox,"Apr 24, 1998",0.0,0,0.0,0,0.0,0,0,0.0,,,,,,,,,,,,,,,,,,,,,,,,,,
f1fac969a1d70b08,Leon Edwards,Rocky,22,5,0,187.96,77.11,187.96,Southpaw,"Aug 25, 1991",2.62,54,2.42,53,1.18,36,63,0.4,0.19,23.5,0.57,66.67,19.0,4749.0,21.05,766.96,32.03,39.04,5.0,1589.0,8.0,36.11,3.0,1.0,0.0,0.0,6.0,6.0,100.0,83.33,100.0,11.0,0.1813,12.96
d0fd0d9ee560dae7,Brando Pericic,The Balkan Bear,4,1,0,,120.2,,,"Aug 03, 1994",0.0,0,0.0,0,0.0,0,0,0.0,,,,,,,,,,,,,,,,,,,,,,,,,,
b4b496ec2197ee3e,Navajo Stirling,,7,0,0,193.04,92.99,200.66,Orthodox,"Nov 07, 1997",6.43,52,2.49,61,1.2,30,78,0.0,0.0,18.0,0.0,0.0,2.0,600.0,0.0,352.5,57.0,94.5,1.0,380.0,0.0,60.0,0.0,0.0,0.0,1.0,0.0,0.0,0.0,0.0,0.0,0.0,0.3133,3.2
71171fc96445bf65,Vitor Petrino,,12,2,0,187.96,120.2,195.58,Orthodox,"Aug 28, 1997",2.72,45,2.6,47,3.25,58,71,1.0,0.61,10.91,0.61,0.0,7.0,1485.0,42.86,964.85,13.33,21.21,1.0,388.0,5.0,58.62,1.0,2.0,14.29,0.0,0.0,0.0,0.0,0.0,100.0,1.0,0.1152,3.48
cdb7b38b1b357f26,Louie Sutherland,The Vanilla Gorilla,10,3,0,,120.2,,,"Feb 08, 1994",0.0,0,0.0,0,0.0,0,0,0.0,,,,,,,,,,,,,,,,,,,,,,,,,,
6e8f1bcdda94ff45,Ibo Aslan,The Last Ottoman,14,3,0,190.5,92.99,195.58,Orthodox,"Apr 23, 1996",5.09,47,3.47,59,0.0,0,86,0.0,0.0,21.99,1.47,0.0,4.0,614.0,50.0,2.93,35.18,20.52,1.0,324.0,0.0,0.0,2.0,0.0,0.0,0.0,0.0,0.0,0.0,0.0,50.0,0.5,0.2362,18.4
3a46b268013afede,Kevin Holland,Trailblazer,28,14,0,190.5,77.11,205.74,Orthodox,"Nov 05, 1992",4.3,50,3.22,50,0.82,38,55,0.6,0.32,17.35,3.05,63.16,27.0,5603.0,40.74,349.69,48.19,35.82,7.0,2335.0,11.0,41.03,5.0,6.0,7.41,0.0,0.0,0.0,0.0,0.0,100.0,7.6,0.2106,29.75
52c2ae6d2f2d2613,Youssef Zalal,The Moroccan Devil,17,5,1,177.8,65.77,182.88,Switch,"Sep 04, 1996",3.07,50,1.8,66,2.09,30,59,1.3,0.0,10.28,2.57,100.0,11.0,2801.0,27.27,821.92,27.63,22.49,2.0,826.0,12.0,30.65,0.0,3.0,0.0,1.0,0.0,0.0,0.0,0.0,0.0,0.0,0.1496,4.78
